source_airport,source_latitude,source_longitude,destination_airport,destination_latitude,destination_longitude
BOG,4.70159,-74.1469,UIO,-0.129166666667,-78.3575
UIO,-0.129166666667,-78.3575,BOG,4.70159,-74.1469
BKK,13.681099891662598,100.74700164794922,SIN,1.35019,103.994003
KUL,2.745579957962,101.70999908447,SIN,1.35019,103.994003
MNL,14.5086,121.019997,SIN,1.35019,103.994003
SIN,1.35019,103.994003,BKK,13.681099891662598,100.74700164794922
SIN,1.35019,103.994003,KUL,2.745579957962,101.70999908447
SIN,1.35019,103.994003,MNL,14.5086,121.019997
SIN,1.35019,103.994003,TPE,25.0777,121.233002
TPE,25.0777,121.233002,SIN,1.35019,103.994003
BKK,13.681099891662598,100.74700164794922,DAC,23.843347,90.397783
DAC,23.843347,90.397783,BKK,13.681099891662598,100.74700164794922
DAC,23.843347,90.397783,KTM,27.6966,85.3591
DAC,23.843347,90.397783,KUL,2.745579957962,101.70999908447
KTM,27.6966,85.3591,DAC,23.843347,90.397783
KUL,2.745579957962,101.70999908447,DAC,23.843347,90.397783
BOG,4.70159,-74.1469,MEX,19.4363,-99.072098
HAV,22.989200592041016,-82.40910339355469,MEX,19.4363,-99.072098
MEX,19.4363,-99.072098,BOG,4.70159,-74.1469
MEX,19.4363,-99.072098,HAV,22.989200592041016,-82.40910339355469
ISB,33.560713,72.851613,KBL,34.565899,69.212303
KBL,34.565899,69.212303,ISB,33.560713,72.851613
FCO,41.8002778,12.2388889,TXL,52.5597,13.2877
HEL,60.317199707031,24.963300704956,TXL,52.5597,13.2877
LHR,51.4706,-0.461941,TXL,52.5597,13.2877
TXL,52.5597,13.2877,FCO,41.8002778,12.2388889
TXL,52.5597,13.2877,HEL,60.317199707031,24.963300704956
TXL,52.5597,13.2877,LHR,51.4706,-0.461941
TXL,52.5597,13.2877,VIE,48.110298156738,16.569700241089
VIE,48.110298156738,16.569700241089,TXL,52.5597,13.2877
BKK,13.681099891662598,100.74700164794922,MNL,14.5086,121.019997
CGK,-6.1255698204,106.65599823,MNL,14.5086,121.019997
HAN,21.221200942993164,105.80699920654297,MNL,14.5086,121.019997
ICN,37.46910095214844,126.45099639892578,MNL,14.5086,121.019997
KUL,2.745579957962,101.70999908447,MNL,14.5086,121.019997
MNL,14.5086,121.019997,BKK,13.681099891662598,100.74700164794922
MNL,14.5086,121.019997,CGK,-6.1255698204,106.65599823
MNL,14.5086,121.019997,HAN,21.221200942993164,105.80699920654297
MNL,14.5086,121.019997,ICN,37.46910095214844,126.45099639892578
MNL,14.5086,121.019997,KUL,2.745579957962,101.70999908447
MNL,14.5086,121.019997,NRT,35.7647018433,140.386001587
MNL,14.5086,121.019997,PEK,40.080101013183594,116.58499908447266
MNL,14.5086,121.019997,TPE,25.0777,121.233002
NRT,35.7647018433,140.386001587,MNL,14.5086,121.019997
PEK,40.080101013183594,116.58499908447266,MNL,14.5086,121.019997
TPE,25.0777,121.233002,MNL,14.5086,121.019997
BKK,13.681099891662598,100.74700164794922,ICN,37.46910095214844,126.45099639892578
ICN,37.46910095214844,126.45099639892578,BKK,13.681099891662598,100.74700164794922
ICN,37.46910095214844,126.45099639892578,NRT,35.7647018433,140.386001587
NRT,35.7647018433,140.386001587,ICN,37.46910095214844,126.45099639892578
ATH,37.9364013672,23.9444999695,AUH,24.433000564575195,54.651100158691406
ATH,37.9364013672,23.9444999695,BEG,44.8184013367,20.3090991974
ATH,37.9364013672,23.9444999695,BRU,50.901401519800004,4.48443984985
ATH,37.9364013672,23.9444999695,BUD,47.42976,19.261093
ATH,37.9364013672,23.9444999695,CAI,30.12190055847168,31.40559959411621
ATH,37.9364013672,23.9444999695,CDG,49.012798,2.55
ATH,37.9364013672,23.9444999695,DME,55.40879821777344,37.90629959106445
ATH,37.9364013672,23.9444999695,FCO,41.8002778,12.2388889
ATH,37.9364013672,23.9444999695,IEV,50.40194,30.45194
ATH,37.9364013672,23.9444999695,LHR,51.4706,-0.461941
ATH,37.9364013672,23.9444999695,MAD,40.471926,-3.56264
ATH,37.9364013672,23.9444999695,OSL,60.121,11.0502
ATH,37.9364013672,23.9444999695,OTP,44.5711111,26.085
ATH,37.9364013672,23.9444999695,PRG,50.1008,14.26
ATH,37.9364013672,23.9444999695,TXL,52.5597,13.2877
ATH,37.9364013672,23.9444999695,VIE,48.110298156738,16.569700241089
ATH,37.9364013672,23.9444999695,WAW,52.1656990051,20.967100143399996
AUH,24.433000564575195,54.651100158691406,ATH,37.9364013672,23.9444999695
BEG,44.8184013367,20.3090991974,ATH,37.9364013672,23.9444999695
BRU,50.901401519800004,4.48443984985,ATH,37.9364013672,23.9444999695
BUD,47.42976,19.261093,ATH,37.9364013672,23.9444999695
CAI,30.12190055847168,31.40559959411621,ATH,37.9364013672,23.9444999695
CDG,49.012798,2.55,ATH,37.9364013672,23.9444999695
DME,55.40879821777344,37.90629959106445,ATH,37.9364013672,23.9444999695
FCO,41.8002778,12.2388889,ATH,37.9364013672,23.9444999695
IEV,50.40194,30.45194,ATH,37.9364013672,23.9444999695
LHR,51.4706,-0.461941,ATH,37.9364013672,23.9444999695
MAD,40.471926,-3.56264,ATH,37.9364013672,23.9444999695
OSL,60.121,11.0502,ATH,37.9364013672,23.9444999695
OTP,44.5711111,26.085,ATH,37.9364013672,23.9444999695
PRG,50.1008,14.26,ATH,37.9364013672,23.9444999695
TXL,52.5597,13.2877,ATH,37.9364013672,23.9444999695
VIE,48.110298156738,16.569700241089,ATH,37.9364013672,23.9444999695
WAW,52.1656990051,20.967100143399996,ATH,37.9364013672,23.9444999695
ACC,5.605189800262451,-0.16678600013256073,LHR,51.4706,-0.461941
AMS,52.308601,4.76389,LHR,51.4706,-0.461941
ARN,59.651901245117,17.918600082397,LHR,51.4706,-0.461941
AUH,24.433000564575195,54.651100158691406,IAD,38.94449997,-77.45580292
AUH,24.433000564575195,54.651100158691406,ISB,33.560713,72.851613
AUH,24.433000564575195,54.651100158691406,LHR,51.4706,-0.461941
BKK,13.681099891662598,100.74700164794922,KUL,2.745579957962,101.70999908447
BKK,13.681099891662598,100.74700164794922,NRT,35.7647018433,140.386001587
BRU,50.901401519800004,4.48443984985,LHR,51.4706,-0.461941
BUD,47.42976,19.261093,LHR,51.4706,-0.461941
CDG,49.012798,2.55,KUL,2.745579957962,101.70999908447
CDG,49.012798,2.55,LHR,51.4706,-0.461941
CPH,55.617900848389,12.656000137329,LHR,51.4706,-0.461941
DUB,53.421299,-6.27007,LHR,51.4706,-0.461941
FCO,41.8002778,12.2388889,LHR,51.4706,-0.461941
HAN,21.221200942993164,105.80699920654297,NRT,35.7647018433,140.386001587
HEL,60.317199707031,24.963300704956,LHR,51.4706,-0.461941
IAD,38.94449997,-77.45580292,AUH,24.433000564575195,54.651100158691406
IAD,38.94449997,-77.45580292,LHR,51.4706,-0.461941
ISB,33.560713,72.851613,AUH,24.433000564575195,54.651100158691406
KUL,2.745579957962,101.70999908447,BKK,13.681099891662598,100.74700164794922
KUL,2.745579957962,101.70999908447,CDG,49.012798,2.55
KUL,2.745579957962,101.70999908447,LHR,51.4706,-0.461941
KUL,2.745579957962,101.70999908447,NRT,35.7647018433,140.386001587
LHR,51.4706,-0.461941,ACC,5.605189800262451,-0.16678600013256073
LHR,51.4706,-0.461941,AMS,52.308601,4.76389
LHR,51.4706,-0.461941,ARN,59.651901245117,17.918600082397
LHR,51.4706,-0.461941,AUH,24.433000564575195,54.651100158691406
LHR,51.4706,-0.461941,BRU,50.901401519800004,4.48443984985
LHR,51.4706,-0.461941,BUD,47.42976,19.261093
LHR,51.4706,-0.461941,CDG,49.012798,2.55
LHR,51.4706,-0.461941,CPH,55.617900848389,12.656000137329
LHR,51.4706,-0.461941,DUB,53.421299,-6.27007
LHR,51.4706,-0.461941,FCO,41.8002778,12.2388889
LHR,51.4706,-0.461941,HEL,60.317199707031,24.963300704956
LHR,51.4706,-0.461941,IAD,38.94449997,-77.45580292
LHR,51.4706,-0.461941,KUL,2.745579957962,101.70999908447
LHR,51.4706,-0.461941,LIS,38.7813,-9.13592
LHR,51.4706,-0.461941,NBO,-1.31923997402,36.9277992249
LHR,51.4706,-0.461941,OSL,60.121,11.0502
LHR,51.4706,-0.461941,OTP,44.5711111,26.085
LHR,51.4706,-0.461941,PRG,50.1008,14.26
LHR,51.4706,-0.461941,VIE,48.110298156738,16.569700241089
LHR,51.4706,-0.461941,WAW,52.1656990051,20.967100143399996
LIM,-12.0219,-77.114305,SCL,-33.393001556396484,-70.78579711914062
LIS,38.7813,-9.13592,LHR,51.4706,-0.461941
NBO,-1.31923997402,36.9277992249,LHR,51.4706,-0.461941
NRT,35.7647018433,140.386001587,BKK,13.681099891662598,100.74700164794922
NRT,35.7647018433,140.386001587,HAN,21.221200942993164,105.80699920654297
NRT,35.7647018433,140.386001587,KUL,2.745579957962,101.70999908447
NRT,35.7647018433,140.386001587,SIN,1.35019,103.994003
NRT,35.7647018433,140.386001587,TPE,25.0777,121.233002
OSL,60.121,11.0502,LHR,51.4706,-0.461941
OTP,44.5711111,26.085,LHR,51.4706,-0.461941
PRG,50.1008,14.26,LHR,51.4706,-0.461941
SCL,-33.393001556396484,-70.78579711914062,LIM,-12.0219,-77.114305
SIN,1.35019,103.994003,NRT,35.7647018433,140.386001587
TPE,25.0777,121.233002,NRT,35.7647018433,140.386001587
VIE,48.110298156738,16.569700241089,LHR,51.4706,-0.461941
WAW,52.1656990051,20.967100143399996,LHR,51.4706,-0.461941
AMM,31.7226009369,35.9931983948,TXL,52.5597,13.2877
AMM,31.7226009369,35.9931983948,VIE,48.110298156738,16.569700241089
ARN,59.651901245117,17.918600082397,TXL,52.5597,13.2877
ARN,59.651901245117,17.918600082397,VIE,48.110298156738,16.569700241089
AUH,24.433000564575195,54.651100158691406,PEK,40.080101013183594,116.58499908447266
AUH,24.433000564575195,54.651100158691406,SIN,1.35019,103.994003
AUH,24.433000564575195,54.651100158691406,TXL,52.5597,13.2877
BEG,44.8184013367,20.3090991974,TXL,52.5597,13.2877
BUD,47.42976,19.261093,TXL,52.5597,13.2877
CDG,49.012798,2.55,VIE,48.110298156738,16.569700241089
CPH,55.617900848389,12.656000137329,TXL,52.5597,13.2877
CPH,55.617900848389,12.656000137329,VIE,48.110298156738,16.569700241089
DME,55.40879821777344,37.90629959106445,TXL,52.5597,13.2877
FCO,41.8002778,12.2388889,VIE,48.110298156738,16.569700241089
HEL,60.317199707031,24.963300704956,VIE,48.110298156738,16.569700241089
LHR,51.4706,-0.461941,ORY,48.7233333,2.3794444
MAD,40.471926,-3.56264,TXL,52.5597,13.2877
MAD,40.471926,-3.56264,VIE,48.110298156738,16.569700241089
ORY,48.7233333,2.3794444,LHR,51.4706,-0.461941
ORY,48.7233333,2.3794444,TXL,52.5597,13.2877
OSL,60.121,11.0502,TXL,52.5597,13.2877
OTP,44.5711111,26.085,TXL,52.5597,13.2877
PEK,40.080101013183594,116.58499908447266,TXL,52.5597,13.2877
SIN,1.35019,103.994003,AUH,24.433000564575195,54.651100158691406
TXL,52.5597,13.2877,AMM,31.7226009369,35.9931983948
TXL,52.5597,13.2877,ARN,59.651901245117,17.918600082397
TXL,52.5597,13.2877,AUH,24.433000564575195,54.651100158691406
TXL,52.5597,13.2877,BEG,44.8184013367,20.3090991974
TXL,52.5597,13.2877,BUD,47.42976,19.261093
TXL,52.5597,13.2877,CPH,55.617900848389,12.656000137329
TXL,52.5597,13.2877,DME,55.40879821777344,37.90629959106445
TXL,52.5597,13.2877,MAD,40.471926,-3.56264
TXL,52.5597,13.2877,ORY,48.7233333,2.3794444
TXL,52.5597,13.2877,OSL,60.121,11.0502
TXL,52.5597,13.2877,OTP,44.5711111,26.085
TXL,52.5597,13.2877,PEK,40.080101013183594,116.58499908447266
TXL,52.5597,13.2877,WAW,52.1656990051,20.967100143399996
VIE,48.110298156738,16.569700241089,AMM,31.7226009369,35.9931983948
VIE,48.110298156738,16.569700241089,ARN,59.651901245117,17.918600082397
VIE,48.110298156738,16.569700241089,CDG,49.012798,2.55
VIE,48.110298156738,16.569700241089,CPH,55.617900848389,12.656000137329
VIE,48.110298156738,16.569700241089,FCO,41.8002778,12.2388889
VIE,48.110298156738,16.569700241089,HEL,60.317199707031,24.963300704956
VIE,48.110298156738,16.569700241089,MAD,40.471926,-3.56264
WAW,52.1656990051,20.967100143399996,TXL,52.5597,13.2877
AMS,52.308601,4.76389,CPH,55.617900848389,12.656000137329
CPH,55.617900848389,12.656000137329,AMS,52.308601,4.76389
CPH,55.617900848389,12.656000137329,OSL,60.121,11.0502
CPH,55.617900848389,12.656000137329,WAW,52.1656990051,20.967100143399996
DCA,38.8521,-77.037697,YOW,45.3224983215332,-75.66919708251953
EZE,-34.8222,-58.5358,SCL,-33.393001556396484,-70.78579711914062
IAD,38.94449997,-77.45580292,YOW,45.3224983215332,-75.66919708251953
LHR,51.4706,-0.461941,YOW,45.3224983215332,-75.66919708251953
NBO,-1.31923997402,36.9277992249,BRU,50.901401519800004,4.48443984985
SCL,-33.393001556396484,-70.78579711914062,EZE,-34.8222,-58.5358
WAW,52.1656990051,20.967100143399996,CPH,55.617900848389,12.656000137329
YOW,45.3224983215332,-75.66919708251953,DCA,38.8521,-77.037697
YOW,45.3224983215332,-75.66919708251953,IAD,38.94449997,-77.45580292
YOW,45.3224983215332,-75.66919708251953,LHR,51.4706,-0.461941
YOW,45.3224983215332,-75.66919708251953,YXU,43.035599,-81.1539
YXU,43.035599,-81.1539,YOW,45.3224983215332,-75.66919708251953
ABV,9.006790161132812,7.263169765472412,CDG,49.012798,2.55
AMM,31.7226009369,35.9931983948,CDG,49.012798,2.55
AMS,52.308601,4.76389,AUH,24.433000564575195,54.651100158691406
AMS,52.308601,4.76389,CDG,49.012798,2.55
AMS,52.308601,4.76389,KUL,2.745579957962,101.70999908447
AMS,52.308601,4.76389,LCY,51.505299,0.055278
AMS,52.308601,4.76389,TPE,25.0777,121.233002
AMS,52.308601,4.76389,UIO,-0.129166666667,-78.3575
ARN,59.651901245117,17.918600082397,CDG,49.012798,2.55
AUH,24.433000564575195,54.651100158691406,AMS,52.308601,4.76389
AUH,24.433000564575195,54.651100158691406,CDG,49.012798,2.55
BEG,44.8184013367,20.3090991974,CDG,49.012798,2.55
BEY,33.820899963378906,35.488399505615234,CDG,49.012798,2.55
BKK,13.681099891662598,100.74700164794922,CDG,49.012798,2.55
BOG,4.70159,-74.1469,CDG,49.012798,2.55
BSB,-15.86916732788086,-47.920833587646484,CDG,49.012798,2.55
BUD,47.42976,19.261093,CDG,49.012798,2.55
CAI,30.12190055847168,31.40559959411621,CDG,49.012798,2.55
CCS,10.601194,-66.991222,CDG,49.012798,2.55
CDG,49.012798,2.55,ABV,9.006790161132812,7.263169765472412
CDG,49.012798,2.55,AMM,31.7226009369,35.9931983948
CDG,49.012798,2.55,AMS,52.308601,4.76389
CDG,49.012798,2.55,ARN,59.651901245117,17.918600082397
CDG,49.012798,2.55,AUH,24.433000564575195,54.651100158691406
CDG,49.012798,2.55,BEG,44.8184013367,20.3090991974
CDG,49.012798,2.55,BEY,33.820899963378906,35.488399505615234
CDG,49.012798,2.55,BKK,13.681099891662598,100.74700164794922
CDG,49.012798,2.55,BOG,4.70159,-74.1469
CDG,49.012798,2.55,BSB,-15.86916732788086,-47.920833587646484
CDG,49.012798,2.55,BUD,47.42976,19.261093
CDG,49.012798,2.55,CAI,30.12190055847168,31.40559959411621
CDG,49.012798,2.55,CCS,10.601194,-66.991222
CDG,49.012798,2.55,CPH,55.617900848389,12.656000137329
CDG,49.012798,2.55,DUB,53.421299,-6.27007
CDG,49.012798,2.55,EZE,-34.8222,-58.5358
CDG,49.012798,2.55,FCO,41.8002778,12.2388889
CDG,49.012798,2.55,GYD,40.467498779296875,50.04669952392578
CDG,49.012798,2.55,HAN,21.221200942993164,105.80699920654297
CDG,49.012798,2.55,HAV,22.989200592041016,-82.40910339355469
CDG,49.012798,2.55,HEL,60.317199707031,24.963300704956
CDG,49.012798,2.55,HND,35.552299,139.779999
CDG,49.012798,2.55,IAD,38.94449997,-77.45580292
CDG,49.012798,2.55,ICN,37.46910095214844,126.45099639892578
CDG,49.012798,2.55,KBP,50.345001220703125,30.894699096679688
CDG,49.012798,2.55,LIM,-12.0219,-77.114305
CDG,49.012798,2.55,LIS,38.7813,-9.13592
CDG,49.012798,2.55,MAD,40.471926,-3.56264
CDG,49.012798,2.55,MEX,19.4363,-99.072098
CDG,49.012798,2.55,NBO,-1.31923997402,36.9277992249
CDG,49.012798,2.55,NRT,35.7647018433,140.386001587
CDG,49.012798,2.55,OSL,60.121,11.0502
CDG,49.012798,2.55,OTP,44.5711111,26.085
CDG,49.012798,2.55,PEK,40.080101013183594,116.58499908447266
CDG,49.012798,2.55,PRG,50.1008,14.26
CDG,49.012798,2.55,RUH,24.957599639892578,46.69879913330078
CDG,49.012798,2.55,SCL,-33.393001556396484,-70.78579711914062
CDG,49.012798,2.55,SIN,1.35019,103.994003
CDG,49.012798,2.55,SVO,55.972599,37.4146
CDG,49.012798,2.55,TXL,52.5597,13.2877
CDG,49.012798,2.55,WAW,52.1656990051,20.967100143399996
CGK,-6.1255698204,106.65599823,KUL,2.745579957962,101.70999908447
CPH,55.617900848389,12.656000137329,CDG,49.012798,2.55
DUB,53.421299,-6.27007,CDG,49.012798,2.55
DUB,53.421299,-6.27007,LCY,51.505299,0.055278
EZE,-34.8222,-58.5358,CDG,49.012798,2.55
FCO,41.8002778,12.2388889,CDG,49.012798,2.55
FCO,41.8002778,12.2388889,LCY,51.505299,0.055278
GYD,40.467498779296875,50.04669952392578,CDG,49.012798,2.55
HAN,21.221200942993164,105.80699920654297,CDG,49.012798,2.55
HAV,22.989200592041016,-82.40910339355469,CDG,49.012798,2.55
HEL,60.317199707031,24.963300704956,CDG,49.012798,2.55
HND,35.552299,139.779999,CDG,49.012798,2.55
IAD,38.94449997,-77.45580292,CDG,49.012798,2.55
ICN,37.46910095214844,126.45099639892578,CDG,49.012798,2.55
KBP,50.345001220703125,30.894699096679688,CDG,49.012798,2.55
KUL,2.745579957962,101.70999908447,AMS,52.308601,4.76389
KUL,2.745579957962,101.70999908447,CGK,-6.1255698204,106.65599823
LCY,51.505299,0.055278,AMS,52.308601,4.76389
LCY,51.505299,0.055278,DUB,53.421299,-6.27007
LCY,51.505299,0.055278,FCO,41.8002778,12.2388889
LCY,51.505299,0.055278,ORY,48.7233333,2.3794444
LIM,-12.0219,-77.114305,CDG,49.012798,2.55
LIS,38.7813,-9.13592,CDG,49.012798,2.55
MAD,40.471926,-3.56264,CDG,49.012798,2.55
MAD,40.471926,-3.56264,ORY,48.7233333,2.3794444
MEX,19.4363,-99.072098,CDG,49.012798,2.55
NBO,-1.31923997402,36.9277992249,CDG,49.012798,2.55
NRT,35.7647018433,140.386001587,CDG,49.012798,2.55
ORY,48.7233333,2.3794444,LCY,51.505299,0.055278
ORY,48.7233333,2.3794444,MAD,40.471926,-3.56264
OSL,60.121,11.0502,CDG,49.012798,2.55
OTP,44.5711111,26.085,CDG,49.012798,2.55
PEK,40.080101013183594,116.58499908447266,CDG,49.012798,2.55
PRG,50.1008,14.26,CDG,49.012798,2.55
RUH,24.957599639892578,46.69879913330078,CDG,49.012798,2.55
SCL,-33.393001556396484,-70.78579711914062,CDG,49.012798,2.55
SIN,1.35019,103.994003,CDG,49.012798,2.55
SVO,55.972599,37.4146,CDG,49.012798,2.55
TPE,25.0777,121.233002,AMS,52.308601,4.76389
TXL,52.5597,13.2877,CDG,49.012798,2.55
WAW,52.1656990051,20.967100143399996,CDG,49.012798,2.55
ICN,37.46910095214844,126.45099639892578,SIN,1.35019,103.994003
SIN,1.35019,103.994003,ICN,37.46910095214844,126.45099639892578
DMK,13.9125995636,100.607002258,KUL,2.745579957962,101.70999908447
HAN,21.221200942993164,105.80699920654297,KUL,2.745579957962,101.70999908447
KUL,2.745579957962,101.70999908447,DMK,13.9125995636,100.607002258
KUL,2.745579957962,101.70999908447,HAN,21.221200942993164,105.80699920654297
BRU,50.901401519800004,4.48443984985,MAD,40.471926,-3.56264
CCS,10.601194,-66.991222,MEX,19.4363,-99.072098
EZE,-34.8222,-58.5358,MEX,19.4363,-99.072098
IAD,38.94449997,-77.45580292,MEX,19.4363,-99.072098
LHR,51.4706,-0.461941,MEX,19.4363,-99.072098
LIM,-12.0219,-77.114305,MEX,19.4363,-99.072098
MAD,40.471926,-3.56264,BRU,50.901401519800004,4.48443984985
MAD,40.471926,-3.56264,MEX,19.4363,-99.072098
MEX,19.4363,-99.072098,CCS,10.601194,-66.991222
MEX,19.4363,-99.072098,EZE,-34.8222,-58.5358
MEX,19.4363,-99.072098,IAD,38.94449997,-77.45580292
MEX,19.4363,-99.072098,LHR,51.4706,-0.461941
MEX,19.4363,-99.072098,LIM,-12.0219,-77.114305
MEX,19.4363,-99.072098,MAD,40.471926,-3.56264
MEX,19.4363,-99.072098,SCL,-33.393001556396484,-70.78579711914062
MEX,19.4363,-99.072098,UIO,-0.129166666667,-78.3575
NRT,35.7647018433,140.386001587,MEX,19.4363,-99.072098
SCL,-33.393001556396484,-70.78579711914062,MEX,19.4363,-99.072098
UIO,-0.129166666667,-78.3575,MEX,19.4363,-99.072098
AEP,-34.5592,-58.4156,ASU,-25.239999771118164,-57.52000045776367
AEP,-34.5592,-58.4156,SCL,-33.393001556396484,-70.78579711914062
ASU,-25.239999771118164,-57.52000045776367,AEP,-34.5592,-58.4156
ASU,-25.239999771118164,-57.52000045776367,EZE,-34.8222,-58.5358
BOG,4.70159,-74.1469,EZE,-34.8222,-58.5358
BSB,-15.86916732788086,-47.920833587646484,EZE,-34.8222,-58.5358
CCS,10.601194,-66.991222,EZE,-34.8222,-58.5358
EZE,-34.8222,-58.5358,ASU,-25.239999771118164,-57.52000045776367
EZE,-34.8222,-58.5358,BOG,4.70159,-74.1469
EZE,-34.8222,-58.5358,BSB,-15.86916732788086,-47.920833587646484
EZE,-34.8222,-58.5358,CCS,10.601194,-66.991222
EZE,-34.8222,-58.5358,FCO,41.8002778,12.2388889
EZE,-34.8222,-58.5358,LIM,-12.0219,-77.114305
EZE,-34.8222,-58.5358,MAD,40.471926,-3.56264
FCO,41.8002778,12.2388889,EZE,-34.8222,-58.5358
LIM,-12.0219,-77.114305,EZE,-34.8222,-58.5358
MAD,40.471926,-3.56264,EZE,-34.8222,-58.5358
SCL,-33.393001556396484,-70.78579711914062,AEP,-34.5592,-58.4156
CAI,30.12190055847168,31.40559959411621,RUH,24.957599639892578,46.69879913330078
RUH,24.957599639892578,46.69879913330078,CAI,30.12190055847168,31.40559959411621
ASU,-25.239999771118164,-57.52000045776367,LIM,-12.0219,-77.114305
BOG,4.70159,-74.1469,CCS,10.601194,-66.991222
BOG,4.70159,-74.1469,HAV,22.989200592041016,-82.40910339355469
BOG,4.70159,-74.1469,IAD,38.94449997,-77.45580292
BOG,4.70159,-74.1469,LIM,-12.0219,-77.114305
BOG,4.70159,-74.1469,MAD,40.471926,-3.56264
BOG,4.70159,-74.1469,SCL,-33.393001556396484,-70.78579711914062
CCS,10.601194,-66.991222,BOG,4.70159,-74.1469
CCS,10.601194,-66.991222,LIM,-12.0219,-77.114305
HAV,22.989200592041016,-82.40910339355469,BOG,4.70159,-74.1469
IAD,38.94449997,-77.45580292,BOG,4.70159,-74.1469
LIM,-12.0219,-77.114305,ASU,-25.239999771118164,-57.52000045776367
LIM,-12.0219,-77.114305,BOG,4.70159,-74.1469
LIM,-12.0219,-77.114305,CCS,10.601194,-66.991222
LIM,-12.0219,-77.114305,UIO,-0.129166666667,-78.3575
MAD,40.471926,-3.56264,BOG,4.70159,-74.1469
SCL,-33.393001556396484,-70.78579711914062,BOG,4.70159,-74.1469
UIO,-0.129166666667,-78.3575,LIM,-12.0219,-77.114305
AMS,52.308601,4.76389,HEL,60.317199707031,24.963300704956
AMS,52.308601,4.76389,LIS,38.7813,-9.13592
ARN,59.651901245117,17.918600082397,HEL,60.317199707031,24.963300704956
BKK,13.681099891662598,100.74700164794922,HEL,60.317199707031,24.963300704956
BMA,59.354400634765625,17.941699981689453,HEL,60.317199707031,24.963300704956
BRU,50.901401519800004,4.48443984985,HEL,60.317199707031,24.963300704956
BRU,50.901401519800004,4.48443984985,LIS,38.7813,-9.13592
BUD,47.42976,19.261093,HEL,60.317199707031,24.963300704956
CPH,55.617900848389,12.656000137329,HEL,60.317199707031,24.963300704956
DME,55.40879821777344,37.90629959106445,HEL,60.317199707031,24.963300704956
FCO,41.8002778,12.2388889,HEL,60.317199707031,24.963300704956
HEL,60.317199707031,24.963300704956,AMS,52.308601,4.76389
HEL,60.317199707031,24.963300704956,ARN,59.651901245117,17.918600082397
HEL,60.317199707031,24.963300704956,BKK,13.681099891662598,100.74700164794922
HEL,60.317199707031,24.963300704956,BMA,59.354400634765625,17.941699981689453
HEL,60.317199707031,24.963300704956,BRU,50.901401519800004,4.48443984985
HEL,60.317199707031,24.963300704956,BUD,47.42976,19.261093
HEL,60.317199707031,24.963300704956,CPH,55.617900848389,12.656000137329
HEL,60.317199707031,24.963300704956,DME,55.40879821777344,37.90629959106445
HEL,60.317199707031,24.963300704956,FCO,41.8002778,12.2388889
HEL,60.317199707031,24.963300704956,ICN,37.46910095214844,126.45099639892578
HEL,60.317199707031,24.963300704956,LIS,38.7813,-9.13592
HEL,60.317199707031,24.963300704956,MAD,40.471926,-3.56264
HEL,60.317199707031,24.963300704956,NRT,35.7647018433,140.386001587
HEL,60.317199707031,24.963300704956,OSL,60.121,11.0502
HEL,60.317199707031,24.963300704956,PEK,40.080101013183594,116.58499908447266
HEL,60.317199707031,24.963300704956,PRG,50.1008,14.26
HEL,60.317199707031,24.963300704956,SIN,1.35019,103.994003
HEL,60.317199707031,24.963300704956,SVO,55.972599,37.4146
HEL,60.317199707031,24.963300704956,WAW,52.1656990051,20.967100143399996
ICN,37.46910095214844,126.45099639892578,HEL,60.317199707031,24.963300704956
LIS,38.7813,-9.13592,AMS,52.308601,4.76389
LIS,38.7813,-9.13592,BRU,50.901401519800004,4.48443984985
LIS,38.7813,-9.13592,HEL,60.317199707031,24.963300704956
MAD,40.471926,-3.56264,HEL,60.317199707031,24.963300704956
NRT,35.7647018433,140.386001587,HEL,60.317199707031,24.963300704956
OSL,60.121,11.0502,HEL,60.317199707031,24.963300704956
PEK,40.080101013183594,116.58499908447266,HEL,60.317199707031,24.963300704956
PRG,50.1008,14.26,HEL,60.317199707031,24.963300704956
SIN,1.35019,103.994003,HEL,60.317199707031,24.963300704956
SVO,55.972599,37.4146,HEL,60.317199707031,24.963300704956
WAW,52.1656990051,20.967100143399996,HEL,60.317199707031,24.963300704956
ACC,5.605189800262451,-0.16678600013256073,FCO,41.8002778,12.2388889
AMM,31.7226009369,35.9931983948,FCO,41.8002778,12.2388889
AMS,52.308601,4.76389,ARN,59.651901245117,17.918600082397
AMS,52.308601,4.76389,FCO,41.8002778,12.2388889
AMS,52.308601,4.76389,LIM,-12.0219,-77.114305
AMS,52.308601,4.76389,NBO,-1.31923997402,36.9277992249
AMS,52.308601,4.76389,TXL,52.5597,13.2877
ARN,59.651901245117,17.918600082397,AMS,52.308601,4.76389
AUH,24.433000564575195,54.651100158691406,BKK,13.681099891662598,100.74700164794922
AUH,24.433000564575195,54.651100158691406,CGK,-6.1255698204,106.65599823
AUH,24.433000564575195,54.651100158691406,FCO,41.8002778,12.2388889
AUH,24.433000564575195,54.651100158691406,KUL,2.745579957962,101.70999908447
AUH,24.433000564575195,54.651100158691406,NBO,-1.31923997402,36.9277992249
BEG,44.8184013367,20.3090991974,FCO,41.8002778,12.2388889
BEY,33.820899963378906,35.488399505615234,FCO,41.8002778,12.2388889
BKK,13.681099891662598,100.74700164794922,AUH,24.433000564575195,54.651100158691406
BRU,50.901401519800004,4.48443984985,FCO,41.8002778,12.2388889
BUD,47.42976,19.261093,FCO,41.8002778,12.2388889
CAI,30.12190055847168,31.40559959411621,FCO,41.8002778,12.2388889
CCS,10.601194,-66.991222,FCO,41.8002778,12.2388889
CGK,-6.1255698204,106.65599823,AUH,24.433000564575195,54.651100158691406
CPH,55.617900848389,12.656000137329,FCO,41.8002778,12.2388889
FCO,41.8002778,12.2388889,AMM,31.7226009369,35.9931983948
FCO,41.8002778,12.2388889,AMS,52.308601,4.76389
FCO,41.8002778,12.2388889,AUH,24.433000564575195,54.651100158691406
FCO,41.8002778,12.2388889,BEG,44.8184013367,20.3090991974
FCO,41.8002778,12.2388889,BEY,33.820899963378906,35.488399505615234
FCO,41.8002778,12.2388889,BRU,50.901401519800004,4.48443984985
FCO,41.8002778,12.2388889,BUD,47.42976,19.261093
FCO,41.8002778,12.2388889,CAI,30.12190055847168,31.40559959411621
FCO,41.8002778,12.2388889,CCS,10.601194,-66.991222
FCO,41.8002778,12.2388889,CPH,55.617900848389,12.656000137329
FCO,41.8002778,12.2388889,GYD,40.467498779296875,50.04669952392578
FCO,41.8002778,12.2388889,ICN,37.46910095214844,126.45099639892578
FCO,41.8002778,12.2388889,IKA,35.416099548339844,51.152198791503906
FCO,41.8002778,12.2388889,KBP,50.345001220703125,30.894699096679688
FCO,41.8002778,12.2388889,LIS,38.7813,-9.13592
FCO,41.8002778,12.2388889,MAD,40.471926,-3.56264
FCO,41.8002778,12.2388889,NRT,35.7647018433,140.386001587
FCO,41.8002778,12.2388889,OTP,44.5711111,26.085
FCO,41.8002778,12.2388889,PRG,50.1008,14.26
FCO,41.8002778,12.2388889,RUH,24.957599639892578,46.69879913330078
FCO,41.8002778,12.2388889,SVO,55.972599,37.4146
FCO,41.8002778,12.2388889,WAW,52.1656990051,20.967100143399996
GYD,40.467498779296875,50.04669952392578,FCO,41.8002778,12.2388889
IKA,35.416099548339844,51.152198791503906,FCO,41.8002778,12.2388889
KBP,50.345001220703125,30.894699096679688,FCO,41.8002778,12.2388889
KUL,2.745579957962,101.70999908447,AUH,24.433000564575195,54.651100158691406
LIM,-12.0219,-77.114305,AMS,52.308601,4.76389
LIS,38.7813,-9.13592,FCO,41.8002778,12.2388889
MAD,40.471926,-3.56264,FCO,41.8002778,12.2388889
NBO,-1.31923997402,36.9277992249,AMS,52.308601,4.76389
NBO,-1.31923997402,36.9277992249,AUH,24.433000564575195,54.651100158691406
NRT,35.7647018433,140.386001587,FCO,41.8002778,12.2388889
OTP,44.5711111,26.085,FCO,41.8002778,12.2388889
PEK,40.080101013183594,116.58499908447266,AUH,24.433000564575195,54.651100158691406
PRG,50.1008,14.26,FCO,41.8002778,12.2388889
RUH,24.957599639892578,46.69879913330078,FCO,41.8002778,12.2388889
SVO,55.972599,37.4146,FCO,41.8002778,12.2388889
TXL,52.5597,13.2877,AMS,52.308601,4.76389
WAW,52.1656990051,20.967100143399996,FCO,41.8002778,12.2388889
BEG,44.8184013367,20.3090991974,BUD,47.42976,19.261093
BUD,47.42976,19.261093,BEG,44.8184013367,20.3090991974
ABV,9.006790161132812,7.263169765472412,LHR,51.4706,-0.461941
AMM,31.7226009369,35.9931983948,LHR,51.4706,-0.461941
AMS,52.308601,4.76389,LGW,51.148102,-0.190278
ARN,59.651901245117,17.918600082397,LCY,51.505299,0.055278
BEY,33.820899963378906,35.488399505615234,LHR,51.4706,-0.461941
BKK,13.681099891662598,100.74700164794922,LHR,51.4706,-0.461941
CAI,30.12190055847168,31.40559959411621,LHR,51.4706,-0.461941
DME,55.40879821777344,37.90629959106445,LHR,51.4706,-0.461941
EZE,-34.8222,-58.5358,LHR,51.4706,-0.461941
FCO,41.8002778,12.2388889,LGW,51.148102,-0.190278
GYD,40.467498779296875,50.04669952392578,LHR,51.4706,-0.461941
HND,35.552299,139.779999,LHR,51.4706,-0.461941
ICN,37.46910095214844,126.45099639892578,LHR,51.4706,-0.461941
KBP,50.345001220703125,30.894699096679688,LHR,51.4706,-0.461941
KIN,17.935699462890625,-76.7874984741211,LGW,51.148102,-0.190278
LCY,51.505299,0.055278,ARN,59.651901245117,17.918600082397
LCY,51.505299,0.055278,MAD,40.471926,-3.56264
LGW,51.148102,-0.190278,AMS,52.308601,4.76389
LGW,51.148102,-0.190278,FCO,41.8002778,12.2388889
LGW,51.148102,-0.190278,KIN,17.935699462890625,-76.7874984741211
LHR,51.4706,-0.461941,ABV,9.006790161132812,7.263169765472412
LHR,51.4706,-0.461941,AMM,31.7226009369,35.9931983948
LHR,51.4706,-0.461941,BEY,33.820899963378906,35.488399505615234
LHR,51.4706,-0.461941,BKK,13.681099891662598,100.74700164794922
LHR,51.4706,-0.461941,CAI,30.12190055847168,31.40559959411621
LHR,51.4706,-0.461941,DME,55.40879821777344,37.90629959106445
LHR,51.4706,-0.461941,EZE,-34.8222,-58.5358
LHR,51.4706,-0.461941,GYD,40.467498779296875,50.04669952392578
LHR,51.4706,-0.461941,HND,35.552299,139.779999
LHR,51.4706,-0.461941,ICN,37.46910095214844,126.45099639892578
LHR,51.4706,-0.461941,KBP,50.345001220703125,30.894699096679688
LHR,51.4706,-0.461941,MAD,40.471926,-3.56264
LHR,51.4706,-0.461941,NRT,35.7647018433,140.386001587
LHR,51.4706,-0.461941,PEK,40.080101013183594,116.58499908447266
LHR,51.4706,-0.461941,RUH,24.957599639892578,46.69879913330078
LHR,51.4706,-0.461941,SIN,1.35019,103.994003
MAD,40.471926,-3.56264,LCY,51.505299,0.055278
MAD,40.471926,-3.56264,LHR,51.4706,-0.461941
NRT,35.7647018433,140.386001587,LHR,51.4706,-0.461941
PEK,40.080101013183594,116.58499908447266,LHR,51.4706,-0.461941
RUH,24.957599639892578,46.69879913330078,LHR,51.4706,-0.461941
SIN,1.35019,103.994003,LHR,51.4706,-0.461941
DAC,23.843347,90.397783,FCO,41.8002778,12.2388889
DAC,23.843347,90.397783,LHR,51.4706,-0.461941
DAC,23.843347,90.397783,SIN,1.35019,103.994003
FCO,41.8002778,12.2388889,DAC,23.843347,90.397783
LHR,51.4706,-0.461941,DAC,23.843347,90.397783
RUH,24.957599639892578,46.69879913330078,DAC,23.843347,90.397783
SIN,1.35019,103.994003,DAC,23.843347,90.397783
AMS,52.308601,4.76389,BKK,13.681099891662598,100.74700164794922
BKK,13.681099891662598,100.74700164794922,AMS,52.308601,4.76389
BKK,13.681099891662598,100.74700164794922,TPE,25.0777,121.233002
BKK,13.681099891662598,100.74700164794922,VIE,48.110298156738,16.569700241089
CDG,49.012798,2.55,TPE,25.0777,121.233002
CGK,-6.1255698204,106.65599823,TPE,25.0777,121.233002
GMP,37.5583,126.791,TSA,25.069400787353516,121.552001953125
HAN,21.221200942993164,105.80699920654297,TPE,25.0777,121.233002
HND,35.552299,139.779999,TSA,25.069400787353516,121.552001953125
ICN,37.46910095214844,126.45099639892578,TPE,25.0777,121.233002
KUL,2.745579957962,101.70999908447,TPE,25.0777,121.233002
PEK,40.080101013183594,116.58499908447266,TPE,25.0777,121.233002
TPE,25.0777,121.233002,BKK,13.681099891662598,100.74700164794922
TPE,25.0777,121.233002,CDG,49.012798,2.55
TPE,25.0777,121.233002,CGK,-6.1255698204,106.65599823
TPE,25.0777,121.233002,HAN,21.221200942993164,105.80699920654297
TPE,25.0777,121.233002,ICN,37.46910095214844,126.45099639892578
TPE,25.0777,121.233002,KUL,2.745579957962,101.70999908447
TPE,25.0777,121.233002,PEK,40.080101013183594,116.58499908447266
TSA,25.069400787353516,121.552001953125,GMP,37.5583,126.791
TSA,25.069400787353516,121.552001953125,HND,35.552299,139.779999
VIE,48.110298156738,16.569700241089,BKK,13.681099891662598,100.74700164794922
AUH,24.433000564575195,54.651100158691406,BRU,50.901401519800004,4.48443984985
BRU,50.901401519800004,4.48443984985,AUH,24.433000564575195,54.651100158691406
DME,55.40879821777344,37.90629959106445,FCO,41.8002778,12.2388889
FCO,41.8002778,12.2388889,DME,55.40879821777344,37.90629959106445
FCO,41.8002778,12.2388889,HAV,22.989200592041016,-82.40910339355469
ADD,8.97789001465,38.799301147499996,PEK,40.080101013183594,116.58499908447266
ARN,59.651901245117,17.918600082397,PEK,40.080101013183594,116.58499908447266
BKK,13.681099891662598,100.74700164794922,PEK,40.080101013183594,116.58499908447266
CAI,30.12190055847168,31.40559959411621,PEK,40.080101013183594,116.58499908447266
CPH,55.617900848389,12.656000137329,PEK,40.080101013183594,116.58499908447266
FCO,41.8002778,12.2388889,PEK,40.080101013183594,116.58499908447266
FNJ,39.224098,125.669998,PEK,40.080101013183594,116.58499908447266
GMP,37.5583,126.791,PEK,40.080101013183594,116.58499908447266
HND,35.552299,139.779999,PEK,40.080101013183594,116.58499908447266
IAD,38.94449997,-77.45580292,PEK,40.080101013183594,116.58499908447266
ICN,37.46910095214844,126.45099639892578,PEK,40.080101013183594,116.58499908447266
LGW,51.148102,-0.190278,PEK,40.080101013183594,116.58499908447266
MAD,40.471926,-3.56264,PEK,40.080101013183594,116.58499908447266
NRT,35.7647018433,140.386001587,PEK,40.080101013183594,116.58499908447266
PEK,40.080101013183594,116.58499908447266,ADD,8.97789001465,38.799301147499996
PEK,40.080101013183594,116.58499908447266,ARN,59.651901245117,17.918600082397
PEK,40.080101013183594,116.58499908447266,BKK,13.681099891662598,100.74700164794922
PEK,40.080101013183594,116.58499908447266,CAI,30.12190055847168,31.40559959411621
PEK,40.080101013183594,116.58499908447266,CPH,55.617900848389,12.656000137329
PEK,40.080101013183594,116.58499908447266,FCO,41.8002778,12.2388889
PEK,40.080101013183594,116.58499908447266,FNJ,39.224098,125.669998
PEK,40.080101013183594,116.58499908447266,GMP,37.5583,126.791
PEK,40.080101013183594,116.58499908447266,HND,35.552299,139.779999
PEK,40.080101013183594,116.58499908447266,IAD,38.94449997,-77.45580292
PEK,40.080101013183594,116.58499908447266,ICN,37.46910095214844,126.45099639892578
PEK,40.080101013183594,116.58499908447266,LGW,51.148102,-0.190278
PEK,40.080101013183594,116.58499908447266,MAD,40.471926,-3.56264
PEK,40.080101013183594,116.58499908447266,NRT,35.7647018433,140.386001587
PEK,40.080101013183594,116.58499908447266,SIN,1.35019,103.994003
PEK,40.080101013183594,116.58499908447266,SVO,55.972599,37.4146
PEK,40.080101013183594,116.58499908447266,VIE,48.110298156738,16.569700241089
PEK,40.080101013183594,116.58499908447266,WAW,52.1656990051,20.967100143399996
SIN,1.35019,103.994003,PEK,40.080101013183594,116.58499908447266
SVO,55.972599,37.4146,PEK,40.080101013183594,116.58499908447266
VIE,48.110298156738,16.569700241089,PEK,40.080101013183594,116.58499908447266
WAW,52.1656990051,20.967100143399996,PEK,40.080101013183594,116.58499908447266
BKK,13.681099891662598,100.74700164794922,DME,55.40879821777344,37.90629959106445
DME,55.40879821777344,37.90629959106445,BKK,13.681099891662598,100.74700164794922
TPE,25.0777,121.233002,HND,35.552299,139.779999
TPE,25.0777,121.233002,VIE,48.110298156738,16.569700241089
VIE,48.110298156738,16.569700241089,TPE,25.0777,121.233002
CCS,10.601194,-66.991222,HAV,22.989200592041016,-82.40910339355469
HAV,22.989200592041016,-82.40910339355469,CCS,10.601194,-66.991222
HAV,22.989200592041016,-82.40910339355469,EZE,-34.8222,-58.5358
HAV,22.989200592041016,-82.40910339355469,MAD,40.471926,-3.56264
HAV,22.989200592041016,-82.40910339355469,ORY,48.7233333,2.3794444
HAV,22.989200592041016,-82.40910339355469,SVO,55.972599,37.4146
MAD,40.471926,-3.56264,HAV,22.989200592041016,-82.40910339355469
SVO,55.972599,37.4146,HAV,22.989200592041016,-82.40910339355469
AMS,52.308601,4.76389,PEK,40.080101013183594,116.58499908447266
BKK,13.681099891662598,100.74700164794922,NBO,-1.31923997402,36.9277992249
HAN,21.221200942993164,105.80699920654297,PEK,40.080101013183594,116.58499908447266
ISB,33.560713,72.851613,PEK,40.080101013183594,116.58499908447266
NBO,-1.31923997402,36.9277992249,BKK,13.681099891662598,100.74700164794922
PEK,40.080101013183594,116.58499908447266,AMS,52.308601,4.76389
PEK,40.080101013183594,116.58499908447266,HAN,21.221200942993164,105.80699920654297
PEK,40.080101013183594,116.58499908447266,ISB,33.560713,72.851613
HND,35.552299,139.779999,KUL,2.745579957962,101.70999908447
ICN,37.46910095214844,126.45099639892578,KUL,2.745579957962,101.70999908447
KTM,27.6966,85.3591,KUL,2.745579957962,101.70999908447
KUL,2.745579957962,101.70999908447,HND,35.552299,139.779999
KUL,2.745579957962,101.70999908447,ICN,37.46910095214844,126.45099639892578
KUL,2.745579957962,101.70999908447,KTM,27.6966,85.3591
KUL,2.745579957962,101.70999908447,PEK,40.080101013183594,116.58499908447266
PEK,40.080101013183594,116.58499908447266,KUL,2.745579957962,101.70999908447
AMS,52.308601,4.76389,IAD,38.94449997,-77.45580292
IAD,38.94449997,-77.45580292,AMS,52.308601,4.76389
IAD,38.94449997,-77.45580292,ICN,37.46910095214844,126.45099639892578
IAD,38.94449997,-77.45580292,SVO,55.972599,37.4146
ICN,37.46910095214844,126.45099639892578,IAD,38.94449997,-77.45580292
SVO,55.972599,37.4146,IAD,38.94449997,-77.45580292
AMS,52.308601,4.76389,OSL,60.121,11.0502
ARN,59.651901245117,17.918600082397,ATH,37.9364013672,23.9444999695
ARN,59.651901245117,17.918600082397,BEG,44.8184013367,20.3090991974
ARN,59.651901245117,17.918600082397,BKK,13.681099891662598,100.74700164794922
ARN,59.651901245117,17.918600082397,BUD,47.42976,19.261093
ARN,59.651901245117,17.918600082397,CPH,55.617900848389,12.656000137329
ARN,59.651901245117,17.918600082397,FCO,41.8002778,12.2388889
ARN,59.651901245117,17.918600082397,LGW,51.148102,-0.190278
ARN,59.651901245117,17.918600082397,ORY,48.7233333,2.3794444
ARN,59.651901245117,17.918600082397,OSL,60.121,11.0502
ARN,59.651901245117,17.918600082397,PRG,50.1008,14.26
ARN,59.651901245117,17.918600082397,SXF,52.380001,13.5225
ATH,37.9364013672,23.9444999695,ARN,59.651901245117,17.918600082397
ATH,37.9364013672,23.9444999695,CPH,55.617900848389,12.656000137329
ATH,37.9364013672,23.9444999695,HEL,60.317199707031,24.963300704956
BEG,44.8184013367,20.3090991974,ARN,59.651901245117,17.918600082397
BEG,44.8184013367,20.3090991974,OSL,60.121,11.0502
BKK,13.681099891662598,100.74700164794922,ARN,59.651901245117,17.918600082397
BKK,13.681099891662598,100.74700164794922,OSL,60.121,11.0502
BUD,47.42976,19.261093,ARN,59.651901245117,17.918600082397
BUD,47.42976,19.261093,CPH,55.617900848389,12.656000137329
BUD,47.42976,19.261093,LGW,51.148102,-0.190278
BUD,47.42976,19.261093,OSL,60.121,11.0502
CPH,55.617900848389,12.656000137329,ARN,59.651901245117,17.918600082397
CPH,55.617900848389,12.656000137329,ATH,37.9364013672,23.9444999695
CPH,55.617900848389,12.656000137329,BUD,47.42976,19.261093
CPH,55.617900848389,12.656000137329,DUB,53.421299,-6.27007
CPH,55.617900848389,12.656000137329,LGW,51.148102,-0.190278
CPH,55.617900848389,12.656000137329,LIS,38.7813,-9.13592
CPH,55.617900848389,12.656000137329,MAD,40.471926,-3.56264
CPH,55.617900848389,12.656000137329,ORY,48.7233333,2.3794444
CPH,55.617900848389,12.656000137329,PRG,50.1008,14.26
CPH,55.617900848389,12.656000137329,SXF,52.380001,13.5225
DUB,53.421299,-6.27007,CPH,55.617900848389,12.656000137329
DUB,53.421299,-6.27007,HEL,60.317199707031,24.963300704956
DUB,53.421299,-6.27007,OSL,60.121,11.0502
FCO,41.8002778,12.2388889,ARN,59.651901245117,17.918600082397
FCO,41.8002778,12.2388889,OSL,60.121,11.0502
HEL,60.317199707031,24.963300704956,ATH,37.9364013672,23.9444999695
HEL,60.317199707031,24.963300704956,DUB,53.421299,-6.27007
HEL,60.317199707031,24.963300704956,LGW,51.148102,-0.190278
HEL,60.317199707031,24.963300704956,ORY,48.7233333,2.3794444
KBP,50.345001220703125,30.894699096679688,OSL,60.121,11.0502
LGW,51.148102,-0.190278,ARN,59.651901245117,17.918600082397
LGW,51.148102,-0.190278,BUD,47.42976,19.261093
LGW,51.148102,-0.190278,CPH,55.617900848389,12.656000137329
LGW,51.148102,-0.190278,HEL,60.317199707031,24.963300704956
LGW,51.148102,-0.190278,OSL,60.121,11.0502
LIS,38.7813,-9.13592,CPH,55.617900848389,12.656000137329
LIS,38.7813,-9.13592,OSL,60.121,11.0502
MAD,40.471926,-3.56264,CPH,55.617900848389,12.656000137329
ORY,48.7233333,2.3794444,ARN,59.651901245117,17.918600082397
ORY,48.7233333,2.3794444,CPH,55.617900848389,12.656000137329
ORY,48.7233333,2.3794444,HEL,60.317199707031,24.963300704956
ORY,48.7233333,2.3794444,OSL,60.121,11.0502
OSL,60.121,11.0502,AMS,52.308601,4.76389
OSL,60.121,11.0502,ARN,59.651901245117,17.918600082397
OSL,60.121,11.0502,BEG,44.8184013367,20.3090991974
OSL,60.121,11.0502,BKK,13.681099891662598,100.74700164794922
OSL,60.121,11.0502,BUD,47.42976,19.261093
OSL,60.121,11.0502,CPH,55.617900848389,12.656000137329
OSL,60.121,11.0502,DUB,53.421299,-6.27007
OSL,60.121,11.0502,FCO,41.8002778,12.2388889
OSL,60.121,11.0502,KBP,50.345001220703125,30.894699096679688
OSL,60.121,11.0502,LGW,51.148102,-0.190278
OSL,60.121,11.0502,LIS,38.7813,-9.13592
OSL,60.121,11.0502,ORY,48.7233333,2.3794444
OSL,60.121,11.0502,PRG,50.1008,14.26
OSL,60.121,11.0502,SXF,52.380001,13.5225
OSL,60.121,11.0502,VIE,48.110298156738,16.569700241089
OSL,60.121,11.0502,WAW,52.1656990051,20.967100143399996
PRG,50.1008,14.26,ARN,59.651901245117,17.918600082397
PRG,50.1008,14.26,CPH,55.617900848389,12.656000137329
PRG,50.1008,14.26,OSL,60.121,11.0502
SXF,52.380001,13.5225,ARN,59.651901245117,17.918600082397
SXF,52.380001,13.5225,CPH,55.617900848389,12.656000137329
SXF,52.380001,13.5225,OSL,60.121,11.0502
VIE,48.110298156738,16.569700241089,OSL,60.121,11.0502
WAW,52.1656990051,20.967100143399996,OSL,60.121,11.0502
AMS,52.308601,4.76389,DUB,53.421299,-6.27007
ARN,59.651901245117,17.918600082397,DUB,53.421299,-6.27007
ATH,37.9364013672,23.9444999695,DUB,53.421299,-6.27007
AUH,24.433000564575195,54.651100158691406,DUB,53.421299,-6.27007
BRU,50.901401519800004,4.48443984985,DUB,53.421299,-6.27007
BUD,47.42976,19.261093,DUB,53.421299,-6.27007
DUB,53.421299,-6.27007,AMS,52.308601,4.76389
DUB,53.421299,-6.27007,ARN,59.651901245117,17.918600082397
DUB,53.421299,-6.27007,ATH,37.9364013672,23.9444999695
DUB,53.421299,-6.27007,AUH,24.433000564575195,54.651100158691406
DUB,53.421299,-6.27007,BRU,50.901401519800004,4.48443984985
DUB,53.421299,-6.27007,BUD,47.42976,19.261093
DUB,53.421299,-6.27007,FCO,41.8002778,12.2388889
DUB,53.421299,-6.27007,IAD,38.94449997,-77.45580292
DUB,53.421299,-6.27007,LGW,51.148102,-0.190278
DUB,53.421299,-6.27007,LIS,38.7813,-9.13592
DUB,53.421299,-6.27007,MAD,40.471926,-3.56264
DUB,53.421299,-6.27007,PRG,50.1008,14.26
DUB,53.421299,-6.27007,SCQ,42.89630126953125,-8.415140151977539
DUB,53.421299,-6.27007,SXF,52.380001,13.5225
DUB,53.421299,-6.27007,VIE,48.110298156738,16.569700241089
DUB,53.421299,-6.27007,WAW,52.1656990051,20.967100143399996
FCO,41.8002778,12.2388889,DUB,53.421299,-6.27007
IAD,38.94449997,-77.45580292,DUB,53.421299,-6.27007
LGW,51.148102,-0.190278,DUB,53.421299,-6.27007
LIS,38.7813,-9.13592,DUB,53.421299,-6.27007
MAD,40.471926,-3.56264,DUB,53.421299,-6.27007
PRG,50.1008,14.26,DUB,53.421299,-6.27007
SCQ,42.89630126953125,-8.415140151977539,DUB,53.421299,-6.27007
SXF,52.380001,13.5225,DUB,53.421299,-6.27007
VIE,48.110298156738,16.569700241089,DUB,53.421299,-6.27007
WAW,52.1656990051,20.967100143399996,DUB,53.421299,-6.27007
ARN,59.651901245117,17.918600082397,IKA,35.416099548339844,51.152198791503906
IKA,35.416099548339844,51.152198791503906,ARN,59.651901245117,17.918600082397
IKA,35.416099548339844,51.152198791503906,KBL,34.565899,69.212303
KBL,34.565899,69.212303,IKA,35.416099548339844,51.152198791503906
HAV,22.989200592041016,-82.40910339355469,UIO,-0.129166666667,-78.3575
UIO,-0.129166666667,-78.3575,HAV,22.989200592041016,-82.40910339355469
ABV,9.006790161132812,7.263169765472412,ADD,8.97789001465,38.799301147499996
ACC,5.605189800262451,-0.16678600013256073,ADD,8.97789001465,38.799301147499996
ADD,8.97789001465,38.799301147499996,ABV,9.006790161132812,7.263169765472412
ADD,8.97789001465,38.799301147499996,ACC,5.605189800262451,-0.16678600013256073
ADD,8.97789001465,38.799301147499996,BEY,33.820899963378906,35.488399505615234
ADD,8.97789001465,38.799301147499996,BKK,13.681099891662598,100.74700164794922
ADD,8.97789001465,38.799301147499996,CAI,30.12190055847168,31.40559959411621
ADD,8.97789001465,38.799301147499996,CDG,49.012798,2.55
ADD,8.97789001465,38.799301147499996,FCO,41.8002778,12.2388889
ADD,8.97789001465,38.799301147499996,LHR,51.4706,-0.461941
ADD,8.97789001465,38.799301147499996,NBO,-1.31923997402,36.9277992249
ADD,8.97789001465,38.799301147499996,RUH,24.957599639892578,46.69879913330078
ARN,59.651901245117,17.918600082397,ADD,8.97789001465,38.799301147499996
BEY,33.820899963378906,35.488399505615234,ADD,8.97789001465,38.799301147499996
BKK,13.681099891662598,100.74700164794922,ADD,8.97789001465,38.799301147499996
BRU,50.901401519800004,4.48443984985,CDG,49.012798,2.55
CAI,30.12190055847168,31.40559959411621,ADD,8.97789001465,38.799301147499996
CDG,49.012798,2.55,ADD,8.97789001465,38.799301147499996
CDG,49.012798,2.55,BRU,50.901401519800004,4.48443984985
FCO,41.8002778,12.2388889,ADD,8.97789001465,38.799301147499996
IAD,38.94449997,-77.45580292,ADD,8.97789001465,38.799301147499996
LHR,51.4706,-0.461941,ADD,8.97789001465,38.799301147499996
NBO,-1.31923997402,36.9277992249,ADD,8.97789001465,38.799301147499996
RUH,24.957599639892578,46.69879913330078,ADD,8.97789001465,38.799301147499996
AMM,31.7226009369,35.9931983948,AUH,24.433000564575195,54.651100158691406
AMS,52.308601,4.76389,BEG,44.8184013367,20.3090991974
AUH,24.433000564575195,54.651100158691406,AMM,31.7226009369,35.9931983948
AUH,24.433000564575195,54.651100158691406,BEG,44.8184013367,20.3090991974
AUH,24.433000564575195,54.651100158691406,BEY,33.820899963378906,35.488399505615234
AUH,24.433000564575195,54.651100158691406,BGW,33.262500762900004,44.2346000671
AUH,24.433000564575195,54.651100158691406,CAI,30.12190055847168,31.40559959411621
AUH,24.433000564575195,54.651100158691406,DAC,23.843347,90.397783
AUH,24.433000564575195,54.651100158691406,DME,55.40879821777344,37.90629959106445
AUH,24.433000564575195,54.651100158691406,ICN,37.46910095214844,126.45099639892578
AUH,24.433000564575195,54.651100158691406,IKA,35.416099548339844,51.152198791503906
AUH,24.433000564575195,54.651100158691406,KTM,27.6966,85.3591
AUH,24.433000564575195,54.651100158691406,MNL,14.5086,121.019997
AUH,24.433000564575195,54.651100158691406,NRT,35.7647018433,140.386001587
AUH,24.433000564575195,54.651100158691406,RUH,24.957599639892578,46.69879913330078
BEG,44.8184013367,20.3090991974,AMS,52.308601,4.76389
BEG,44.8184013367,20.3090991974,AUH,24.433000564575195,54.651100158691406
BEG,44.8184013367,20.3090991974,LHR,51.4706,-0.461941
BEY,33.820899963378906,35.488399505615234,AUH,24.433000564575195,54.651100158691406
BGW,33.262500762900004,44.2346000671,AUH,24.433000564575195,54.651100158691406
CAI,30.12190055847168,31.40559959411621,AUH,24.433000564575195,54.651100158691406
DAC,23.843347,90.397783,AUH,24.433000564575195,54.651100158691406
DME,55.40879821777344,37.90629959106445,AUH,24.433000564575195,54.651100158691406
ICN,37.46910095214844,126.45099639892578,AUH,24.433000564575195,54.651100158691406
IKA,35.416099548339844,51.152198791503906,AUH,24.433000564575195,54.651100158691406
KTM,27.6966,85.3591,AUH,24.433000564575195,54.651100158691406
MNL,14.5086,121.019997,AUH,24.433000564575195,54.651100158691406
NRT,35.7647018433,140.386001587,AUH,24.433000564575195,54.651100158691406
RUH,24.957599639892578,46.69879913330078,AUH,24.433000564575195,54.651100158691406
DMK,13.9125995636,100.607002258,HAN,21.221200942993164,105.80699920654297
DMK,13.9125995636,100.607002258,SIN,1.35019,103.994003
HAN,21.221200942993164,105.80699920654297,DMK,13.9125995636,100.607002258
SIN,1.35019,103.994003,DMK,13.9125995636,100.607002258
GYD,40.467498779296875,50.04669952392578,KBL,34.565899,69.212303
GYD,40.467498779296875,50.04669952392578,SVO,55.972599,37.4146
KBL,34.565899,69.212303,ESB,40.128101348899996,32.995098114
KBL,34.565899,69.212303,GYD,40.467498779296875,50.04669952392578
SVO,55.972599,37.4146,GYD,40.467498779296875,50.04669952392578
ATH,37.9364013672,23.9444999695,STN,51.8849983215,0.234999999404
BUD,47.42976,19.261093,CIA,41.7994,12.5949
BUD,47.42976,19.261093,MAD,40.471926,-3.56264
BUD,47.42976,19.261093,STN,51.8849983215,0.234999999404
CIA,41.7994,12.5949,BUD,47.42976,19.261093
CIA,41.7994,12.5949,DUB,53.421299,-6.27007
CIA,41.7994,12.5949,MAD,40.471926,-3.56264
CIA,41.7994,12.5949,NYO,58.78860092163086,16.912200927734375
CIA,41.7994,12.5949,STN,51.8849983215,0.234999999404
CIA,41.7994,12.5949,WMI,52.451099,20.6518
DUB,53.421299,-6.27007,CIA,41.7994,12.5949
DUB,53.421299,-6.27007,LTN,51.874698638916016,-0.36833301186561584
DUB,53.421299,-6.27007,OTP,44.5711111,26.085
DUB,53.421299,-6.27007,STN,51.8849983215,0.234999999404
DUB,53.421299,-6.27007,WMI,52.451099,20.6518
LIS,38.7813,-9.13592,STN,51.8849983215,0.234999999404
LTN,51.874698638916016,-0.36833301186561584,DUB,53.421299,-6.27007
MAD,40.471926,-3.56264,BUD,47.42976,19.261093
MAD,40.471926,-3.56264,CIA,41.7994,12.5949
MAD,40.471926,-3.56264,SCQ,42.89630126953125,-8.415140151977539
MAD,40.471926,-3.56264,STN,51.8849983215,0.234999999404
NYO,58.78860092163086,16.912200927734375,CIA,41.7994,12.5949
NYO,58.78860092163086,16.912200927734375,STN,51.8849983215,0.234999999404
NYO,58.78860092163086,16.912200927734375,WMI,52.451099,20.6518
OTP,44.5711111,26.085,DUB,53.421299,-6.27007
OTP,44.5711111,26.085,STN,51.8849983215,0.234999999404
PRG,50.1008,14.26,STN,51.8849983215,0.234999999404
SCQ,42.89630126953125,-8.415140151977539,MAD,40.471926,-3.56264
SCQ,42.89630126953125,-8.415140151977539,STN,51.8849983215,0.234999999404
STN,51.8849983215,0.234999999404,ATH,37.9364013672,23.9444999695
STN,51.8849983215,0.234999999404,BUD,47.42976,19.261093
STN,51.8849983215,0.234999999404,CIA,41.7994,12.5949
STN,51.8849983215,0.234999999404,DUB,53.421299,-6.27007
STN,51.8849983215,0.234999999404,LIS,38.7813,-9.13592
STN,51.8849983215,0.234999999404,MAD,40.471926,-3.56264
STN,51.8849983215,0.234999999404,NYO,58.78860092163086,16.912200927734375
STN,51.8849983215,0.234999999404,OTP,44.5711111,26.085
STN,51.8849983215,0.234999999404,PRG,50.1008,14.26
STN,51.8849983215,0.234999999404,SCQ,42.89630126953125,-8.415140151977539
STN,51.8849983215,0.234999999404,SXF,52.380001,13.5225
STN,51.8849983215,0.234999999404,WMI,52.451099,20.6518
SXF,52.380001,13.5225,STN,51.8849983215,0.234999999404
WMI,52.451099,20.6518,CIA,41.7994,12.5949
WMI,52.451099,20.6518,DUB,53.421299,-6.27007
WMI,52.451099,20.6518,NYO,58.78860092163086,16.912200927734375
WMI,52.451099,20.6518,STN,51.8849983215,0.234999999404
SIN,1.35019,103.994003,SZB,3.130579948425293,101.54900360107422
SZB,3.130579948425293,101.54900360107422,SIN,1.35019,103.994003
BKK,13.681099891662598,100.74700164794922,CGK,-6.1255698204,106.65599823
CGK,-6.1255698204,106.65599823,BKK,13.681099891662598,100.74700164794922
CGK,-6.1255698204,106.65599823,HND,35.552299,139.779999
CGK,-6.1255698204,106.65599823,ICN,37.46910095214844,126.45099639892578
CGK,-6.1255698204,106.65599823,NRT,35.7647018433,140.386001587
CGK,-6.1255698204,106.65599823,PEK,40.080101013183594,116.58499908447266
CGK,-6.1255698204,106.65599823,SIN,1.35019,103.994003
HND,35.552299,139.779999,CGK,-6.1255698204,106.65599823
ICN,37.46910095214844,126.45099639892578,CGK,-6.1255698204,106.65599823
NRT,35.7647018433,140.386001587,CGK,-6.1255698204,106.65599823
PEK,40.080101013183594,116.58499908447266,CGK,-6.1255698204,106.65599823
SIN,1.35019,103.994003,CGK,-6.1255698204,106.65599823
DME,55.40879821777344,37.90629959106445,VIE,48.110298156738,16.569700241089
VIE,48.110298156738,16.569700241089,DME,55.40879821777344,37.90629959106445
BRU,50.901401519800004,4.48443984985,CPH,55.617900848389,12.656000137329
BRU,50.901401519800004,4.48443984985,PEK,40.080101013183594,116.58499908447266
BRU,50.901401519800004,4.48443984985,TXL,52.5597,13.2877
CPH,55.617900848389,12.656000137329,BRU,50.901401519800004,4.48443984985
PEK,40.080101013183594,116.58499908447266,BRU,50.901401519800004,4.48443984985
TXL,52.5597,13.2877,BRU,50.901401519800004,4.48443984985
AMS,52.308601,4.76389,ATH,37.9364013672,23.9444999695
ATH,37.9364013672,23.9444999695,AMS,52.308601,4.76389
ACC,5.605189800262451,-0.16678600013256073,MAD,40.471926,-3.56264
AMM,31.7226009369,35.9931983948,MAD,40.471926,-3.56264
ARN,59.651901245117,17.918600082397,MAD,40.471926,-3.56264
BRU,50.901401519800004,4.48443984985,SCQ,42.89630126953125,-8.415140151977539
CCS,10.601194,-66.991222,MAD,40.471926,-3.56264
CDG,49.012798,2.55,SCQ,42.89630126953125,-8.415140151977539
DME,55.40879821777344,37.90629959106445,MAD,40.471926,-3.56264
FCO,41.8002778,12.2388889,ORY,48.7233333,2.3794444
KBP,50.345001220703125,30.894699096679688,MAD,40.471926,-3.56264
LIM,-12.0219,-77.114305,MAD,40.471926,-3.56264
LIS,38.7813,-9.13592,MAD,40.471926,-3.56264
LIS,38.7813,-9.13592,ORY,48.7233333,2.3794444
MAD,40.471926,-3.56264,ACC,5.605189800262451,-0.16678600013256073
MAD,40.471926,-3.56264,AMM,31.7226009369,35.9931983948
MAD,40.471926,-3.56264,ARN,59.651901245117,17.918600082397
MAD,40.471926,-3.56264,CCS,10.601194,-66.991222
MAD,40.471926,-3.56264,DME,55.40879821777344,37.90629959106445
MAD,40.471926,-3.56264,KBP,50.345001220703125,30.894699096679688
MAD,40.471926,-3.56264,LIM,-12.0219,-77.114305
MAD,40.471926,-3.56264,LIS,38.7813,-9.13592
MAD,40.471926,-3.56264,PRG,50.1008,14.26
MAD,40.471926,-3.56264,SCL,-33.393001556396484,-70.78579711914062
MAD,40.471926,-3.56264,UIO,-0.129166666667,-78.3575
ORY,48.7233333,2.3794444,FCO,41.8002778,12.2388889
ORY,48.7233333,2.3794444,LIS,38.7813,-9.13592
PRG,50.1008,14.26,MAD,40.471926,-3.56264
SCL,-33.393001556396484,-70.78579711914062,MAD,40.471926,-3.56264
SCQ,42.89630126953125,-8.415140151977539,BRU,50.901401519800004,4.48443984985
SCQ,42.89630126953125,-8.415140151977539,CDG,49.012798,2.55
UIO,-0.129166666667,-78.3575,MAD,40.471926,-3.56264
AMS,52.308601,4.76389,IKA,35.416099548339844,51.152198791503906
BEY,33.820899963378906,35.488399505615234,IKA,35.416099548339844,51.152198791503906
ESB,40.128101348899996,32.995098114,IKA,35.416099548339844,51.152198791503906
GYD,40.467498779296875,50.04669952392578,IKA,35.416099548339844,51.152198791503906
IKA,35.416099548339844,51.152198791503906,AMS,52.308601,4.76389
IKA,35.416099548339844,51.152198791503906,BEY,33.820899963378906,35.488399505615234
IKA,35.416099548339844,51.152198791503906,ESB,40.128101348899996,32.995098114
IKA,35.416099548339844,51.152198791503906,GYD,40.467498779296875,50.04669952392578
IKA,35.416099548339844,51.152198791503906,KUL,2.745579957962,101.70999908447
IKA,35.416099548339844,51.152198791503906,LHR,51.4706,-0.461941
IKA,35.416099548339844,51.152198791503906,ORY,48.7233333,2.3794444
IKA,35.416099548339844,51.152198791503906,PEK,40.080101013183594,116.58499908447266
IKA,35.416099548339844,51.152198791503906,VIE,48.110298156738,16.569700241089
KUL,2.745579957962,101.70999908447,IKA,35.416099548339844,51.152198791503906
LHR,51.4706,-0.461941,IKA,35.416099548339844,51.152198791503906
ORY,48.7233333,2.3794444,IKA,35.416099548339844,51.152198791503906
PEK,40.080101013183594,116.58499908447266,IKA,35.416099548339844,51.152198791503906
SVO,55.972599,37.4146,IKA,35.416099548339844,51.152198791503906
VIE,48.110298156738,16.569700241089,IKA,35.416099548339844,51.152198791503906
AMM,31.7226009369,35.9931983948,BEY,33.820899963378906,35.488399505615234
BEY,33.820899963378906,35.488399505615234,AMM,31.7226009369,35.9931983948
DME,55.40879821777344,37.90629959106445,GYD,40.467498779296875,50.04669952392578
ESB,40.128101348899996,32.995098114,GYD,40.467498779296875,50.04669952392578
GYD,40.467498779296875,50.04669952392578,DME,55.40879821777344,37.90629959106445
GYD,40.467498779296875,50.04669952392578,ESB,40.128101348899996,32.995098114
GYD,40.467498779296875,50.04669952392578,KBP,50.345001220703125,30.894699096679688
GYD,40.467498779296875,50.04669952392578,PEK,40.080101013183594,116.58499908447266
GYD,40.467498779296875,50.04669952392578,PRG,50.1008,14.26
GYD,40.467498779296875,50.04669952392578,VIE,48.110298156738,16.569700241089
KBP,50.345001220703125,30.894699096679688,GYD,40.467498779296875,50.04669952392578
PEK,40.080101013183594,116.58499908447266,GYD,40.467498779296875,50.04669952392578
PRG,50.1008,14.26,GYD,40.467498779296875,50.04669952392578
VIE,48.110298156738,16.569700241089,GYD,40.467498779296875,50.04669952392578
BKK,13.681099891662598,100.74700164794922,HND,35.552299,139.779999
DME,55.40879821777344,37.90629959106445,NRT,35.7647018433,140.386001587
GMP,37.5583,126.791,HND,35.552299,139.779999
HND,35.552299,139.779999,BKK,13.681099891662598,100.74700164794922
HND,35.552299,139.779999,GMP,37.5583,126.791
HND,35.552299,139.779999,SIN,1.35019,103.994003
NRT,35.7647018433,140.386001587,DME,55.40879821777344,37.90629959106445
SIN,1.35019,103.994003,HND,35.552299,139.779999
FNJ,39.224098,125.669998,KUL,2.745579957962,101.70999908447
KUL,2.745579957962,101.70999908447,FNJ,39.224098,125.669998
BEG,44.8184013367,20.3090991974,BRU,50.901401519800004,4.48443984985
BEG,44.8184013367,20.3090991974,CPH,55.617900848389,12.656000137329
BEG,44.8184013367,20.3090991974,OTP,44.5711111,26.085
BEG,44.8184013367,20.3090991974,PRG,50.1008,14.26
BEG,44.8184013367,20.3090991974,SVO,55.972599,37.4146
BEG,44.8184013367,20.3090991974,VIE,48.110298156738,16.569700241089
BEG,44.8184013367,20.3090991974,WAW,52.1656990051,20.967100143399996
BRU,50.901401519800004,4.48443984985,BEG,44.8184013367,20.3090991974
CPH,55.617900848389,12.656000137329,BEG,44.8184013367,20.3090991974
LHR,51.4706,-0.461941,BEG,44.8184013367,20.3090991974
OTP,44.5711111,26.085,BEG,44.8184013367,20.3090991974
PRG,50.1008,14.26,BEG,44.8184013367,20.3090991974
SVO,55.972599,37.4146,BEG,44.8184013367,20.3090991974
VIE,48.110298156738,16.569700241089,BEG,44.8184013367,20.3090991974
WAW,52.1656990051,20.967100143399996,BEG,44.8184013367,20.3090991974
AMS,52.308601,4.76389,ICN,37.46910095214844,126.45099639892578
HAN,21.221200942993164,105.80699920654297,ICN,37.46910095214844,126.45099639892578
HND,35.552299,139.779999,ICN,37.46910095214844,126.45099639892578
ICN,37.46910095214844,126.45099639892578,AMS,52.308601,4.76389
ICN,37.46910095214844,126.45099639892578,HAN,21.221200942993164,105.80699920654297
ICN,37.46910095214844,126.45099639892578,HND,35.552299,139.779999
ICN,37.46910095214844,126.45099639892578,KTM,27.6966,85.3591
ICN,37.46910095214844,126.45099639892578,MAD,40.471926,-3.56264
ICN,37.46910095214844,126.45099639892578,NBO,-1.31923997402,36.9277992249
ICN,37.46910095214844,126.45099639892578,PRG,50.1008,14.26
ICN,37.46910095214844,126.45099639892578,RUH,24.957599639892578,46.69879913330078
ICN,37.46910095214844,126.45099639892578,SVO,55.972599,37.4146
ICN,37.46910095214844,126.45099639892578,VIE,48.110298156738,16.569700241089
KTM,27.6966,85.3591,ICN,37.46910095214844,126.45099639892578
MAD,40.471926,-3.56264,ICN,37.46910095214844,126.45099639892578
NBO,-1.31923997402,36.9277992249,ICN,37.46910095214844,126.45099639892578
PRG,50.1008,14.26,ICN,37.46910095214844,126.45099639892578
RUH,24.957599639892578,46.69879913330078,ICN,37.46910095214844,126.45099639892578
SVO,55.972599,37.4146,ICN,37.46910095214844,126.45099639892578
ACC,5.605189800262451,-0.16678600013256073,AMS,52.308601,4.76389
AMS,52.308601,4.76389,ACC,5.605189800262451,-0.16678600013256073
AMS,52.308601,4.76389,BRU,50.901401519800004,4.48443984985
AMS,52.308601,4.76389,BUD,47.42976,19.261093
AMS,52.308601,4.76389,CAI,30.12190055847168,31.40559959411621
AMS,52.308601,4.76389,EZE,-34.8222,-58.5358
AMS,52.308601,4.76389,HAV,22.989200592041016,-82.40910339355469
AMS,52.308601,4.76389,KBP,50.345001220703125,30.894699096679688
AMS,52.308601,4.76389,MAD,40.471926,-3.56264
AMS,52.308601,4.76389,MEX,19.4363,-99.072098
AMS,52.308601,4.76389,NRT,35.7647018433,140.386001587
AMS,52.308601,4.76389,OTP,44.5711111,26.085
AMS,52.308601,4.76389,PRG,50.1008,14.26
AMS,52.308601,4.76389,SIN,1.35019,103.994003
AMS,52.308601,4.76389,SVO,55.972599,37.4146
AMS,52.308601,4.76389,VIE,48.110298156738,16.569700241089
AMS,52.308601,4.76389,WAW,52.1656990051,20.967100143399996
BRU,50.901401519800004,4.48443984985,AMS,52.308601,4.76389
BUD,47.42976,19.261093,AMS,52.308601,4.76389
CAI,30.12190055847168,31.40559959411621,AMS,52.308601,4.76389
EZE,-34.8222,-58.5358,AMS,52.308601,4.76389
HAV,22.989200592041016,-82.40910339355469,AMS,52.308601,4.76389
KBP,50.345001220703125,30.894699096679688,AMS,52.308601,4.76389
MAD,40.471926,-3.56264,AMS,52.308601,4.76389
MEX,19.4363,-99.072098,AMS,52.308601,4.76389
NRT,35.7647018433,140.386001587,AMS,52.308601,4.76389
OTP,44.5711111,26.085,AMS,52.308601,4.76389
PRG,50.1008,14.26,AMS,52.308601,4.76389
SIN,1.35019,103.994003,AMS,52.308601,4.76389
SVO,55.972599,37.4146,AMS,52.308601,4.76389
VIE,48.110298156738,16.569700241089,AMS,52.308601,4.76389
WAW,52.1656990051,20.967100143399996,AMS,52.308601,4.76389
ACC,5.605189800262451,-0.16678600013256073,NBO,-1.31923997402,36.9277992249
NBO,-1.31923997402,36.9277992249,ACC,5.605189800262451,-0.16678600013256073
ASU,-25.239999771118164,-57.52000045776367,SCL,-33.393001556396484,-70.78579711914062
CCS,10.601194,-66.991222,SCL,-33.393001556396484,-70.78579711914062
HAV,22.989200592041016,-82.40910339355469,LIM,-12.0219,-77.114305
LIM,-12.0219,-77.114305,HAV,22.989200592041016,-82.40910339355469
SCL,-33.393001556396484,-70.78579711914062,ASU,-25.239999771118164,-57.52000045776367
SCL,-33.393001556396484,-70.78579711914062,CCS,10.601194,-66.991222
SCL,-33.393001556396484,-70.78579711914062,UIO,-0.129166666667,-78.3575
BRU,50.901401519800004,4.48443984985,IAD,38.94449997,-77.45580292
IAD,38.94449997,-77.45580292,BRU,50.901401519800004,4.48443984985
TXL,52.5597,13.2877,VKO,55.5914993286,37.2615013123
VKO,55.5914993286,37.2615013123,TXL,52.5597,13.2877
ARN,59.651901245117,17.918600082397,WAW,52.1656990051,20.967100143399996
BRU,50.901401519800004,4.48443984985,WAW,52.1656990051,20.967100143399996
BUD,47.42976,19.261093,WAW,52.1656990051,20.967100143399996
KBP,50.345001220703125,30.894699096679688,WAW,52.1656990051,20.967100143399996
LIS,38.7813,-9.13592,WAW,52.1656990051,20.967100143399996
MAD,40.471926,-3.56264,WAW,52.1656990051,20.967100143399996
OTP,44.5711111,26.085,WAW,52.1656990051,20.967100143399996
PRG,50.1008,14.26,WAW,52.1656990051,20.967100143399996
SVO,55.972599,37.4146,WAW,52.1656990051,20.967100143399996
VIE,48.110298156738,16.569700241089,WAW,52.1656990051,20.967100143399996
WAW,52.1656990051,20.967100143399996,ARN,59.651901245117,17.918600082397
WAW,52.1656990051,20.967100143399996,BRU,50.901401519800004,4.48443984985
WAW,52.1656990051,20.967100143399996,BUD,47.42976,19.261093
WAW,52.1656990051,20.967100143399996,KBP,50.345001220703125,30.894699096679688
WAW,52.1656990051,20.967100143399996,LIS,38.7813,-9.13592
WAW,52.1656990051,20.967100143399996,MAD,40.471926,-3.56264
WAW,52.1656990051,20.967100143399996,OTP,44.5711111,26.085
WAW,52.1656990051,20.967100143399996,PRG,50.1008,14.26
WAW,52.1656990051,20.967100143399996,SVO,55.972599,37.4146
WAW,52.1656990051,20.967100143399996,VIE,48.110298156738,16.569700241089
ACC,5.605189800262451,-0.16678600013256073,BEY,33.820899963378906,35.488399505615234
ATH,37.9364013672,23.9444999695,BEY,33.820899963378906,35.488399505615234
BEY,33.820899963378906,35.488399505615234,ACC,5.605189800262451,-0.16678600013256073
BEY,33.820899963378906,35.488399505615234,ATH,37.9364013672,23.9444999695
BEY,33.820899963378906,35.488399505615234,BGW,33.262500762900004,44.2346000671
BEY,33.820899963378906,35.488399505615234,BRU,50.901401519800004,4.48443984985
BEY,33.820899963378906,35.488399505615234,CAI,30.12190055847168,31.40559959411621
BEY,33.820899963378906,35.488399505615234,OTP,44.5711111,26.085
BEY,33.820899963378906,35.488399505615234,RUH,24.957599639892578,46.69879913330078
BEY,33.820899963378906,35.488399505615234,SVO,55.972599,37.4146
BGW,33.262500762900004,44.2346000671,BEY,33.820899963378906,35.488399505615234
BRU,50.901401519800004,4.48443984985,BEY,33.820899963378906,35.488399505615234
CAI,30.12190055847168,31.40559959411621,BEY,33.820899963378906,35.488399505615234
OTP,44.5711111,26.085,BEY,33.820899963378906,35.488399505615234
RUH,24.957599639892578,46.69879913330078,BEY,33.820899963378906,35.488399505615234
SVO,55.972599,37.4146,BEY,33.820899963378906,35.488399505615234
AMM,31.7226009369,35.9931983948,BKK,13.681099891662598,100.74700164794922
BKK,13.681099891662598,100.74700164794922,AMM,31.7226009369,35.9931983948
BKK,13.681099891662598,100.74700164794922,CAI,30.12190055847168,31.40559959411621
CAI,30.12190055847168,31.40559959411621,BKK,13.681099891662598,100.74700164794922
HAN,21.221200942993164,105.80699920654297,SIN,1.35019,103.994003
KTM,27.6966,85.3591,SIN,1.35019,103.994003
SIN,1.35019,103.994003,HAN,21.221200942993164,105.80699920654297
SIN,1.35019,103.994003,KTM,27.6966,85.3591
ABV,9.006790161132812,7.263169765472412,CAI,30.12190055847168,31.40559959411621
ACC,5.605189800262451,-0.16678600013256073,CAI,30.12190055847168,31.40559959411621
AMM,31.7226009369,35.9931983948,CAI,30.12190055847168,31.40559959411621
BGW,33.262500762900004,44.2346000671,CAI,30.12190055847168,31.40559959411621
BRU,50.901401519800004,4.48443984985,CAI,30.12190055847168,31.40559959411621
BUD,47.42976,19.261093,CAI,30.12190055847168,31.40559959411621
CAI,30.12190055847168,31.40559959411621,ABV,9.006790161132812,7.263169765472412
CAI,30.12190055847168,31.40559959411621,ACC,5.605189800262451,-0.16678600013256073
CAI,30.12190055847168,31.40559959411621,AMM,31.7226009369,35.9931983948
CAI,30.12190055847168,31.40559959411621,BGW,33.262500762900004,44.2346000671
CAI,30.12190055847168,31.40559959411621,BRU,50.901401519800004,4.48443984985
CAI,30.12190055847168,31.40559959411621,BUD,47.42976,19.261093
CAI,30.12190055847168,31.40559959411621,CGK,-6.1255698204,106.65599823
CAI,30.12190055847168,31.40559959411621,CPH,55.617900848389,12.656000137329
CAI,30.12190055847168,31.40559959411621,DME,55.40879821777344,37.90629959106445
CAI,30.12190055847168,31.40559959411621,MAD,40.471926,-3.56264
CAI,30.12190055847168,31.40559959411621,NBO,-1.31923997402,36.9277992249
CAI,30.12190055847168,31.40559959411621,SXF,52.380001,13.5225
CAI,30.12190055847168,31.40559959411621,VIE,48.110298156738,16.569700241089
CGK,-6.1255698204,106.65599823,CAI,30.12190055847168,31.40559959411621
CPH,55.617900848389,12.656000137329,CAI,30.12190055847168,31.40559959411621
DME,55.40879821777344,37.90629959106445,CAI,30.12190055847168,31.40559959411621
MAD,40.471926,-3.56264,CAI,30.12190055847168,31.40559959411621
NBO,-1.31923997402,36.9277992249,CAI,30.12190055847168,31.40559959411621
SXF,52.380001,13.5225,CAI,30.12190055847168,31.40559959411621
VIE,48.110298156738,16.569700241089,CAI,30.12190055847168,31.40559959411621
HAN,21.221200942993164,105.80699920654297,HND,35.552299,139.779999
HND,35.552299,139.779999,HAN,21.221200942993164,105.80699920654297
HND,35.552299,139.779999,MNL,14.5086,121.019997
IAD,38.94449997,-77.45580292,NRT,35.7647018433,140.386001587
MNL,14.5086,121.019997,HND,35.552299,139.779999
NRT,35.7647018433,140.386001587,IAD,38.94449997,-77.45580292
NRT,35.7647018433,140.386001587,VIE,48.110298156738,16.569700241089
VIE,48.110298156738,16.569700241089,NRT,35.7647018433,140.386001587
ISB,33.560713,72.851613,RUH,24.957599639892578,46.69879913330078
RUH,24.957599639892578,46.69879913330078,ISB,33.560713,72.851613
BRU,50.901401519800004,4.48443984985,PRG,50.1008,14.26
BUD,47.42976,19.261093,PRG,50.1008,14.26
KBP,50.345001220703125,30.894699096679688,PRG,50.1008,14.26
OTP,44.5711111,26.085,PRG,50.1008,14.26
PRG,50.1008,14.26,BRU,50.901401519800004,4.48443984985
PRG,50.1008,14.26,BUD,47.42976,19.261093
PRG,50.1008,14.26,KBP,50.345001220703125,30.894699096679688
PRG,50.1008,14.26,OTP,44.5711111,26.085
PRG,50.1008,14.26,SVO,55.972599,37.4146
PRG,50.1008,14.26,TXL,52.5597,13.2877
SVO,55.972599,37.4146,PRG,50.1008,14.26
TXL,52.5597,13.2877,PRG,50.1008,14.26
SVO,55.972599,37.4146,TXL,52.5597,13.2877
TXL,52.5597,13.2877,SVO,55.972599,37.4146
BRU,50.901401519800004,4.48443984985,VIE,48.110298156738,16.569700241089
BUD,47.42976,19.261093,VIE,48.110298156738,16.569700241089
IAD,38.94449997,-77.45580292,VIE,48.110298156738,16.569700241089
KBP,50.345001220703125,30.894699096679688,VIE,48.110298156738,16.569700241089
LIS,38.7813,-9.13592,VIE,48.110298156738,16.569700241089
OTP,44.5711111,26.085,VIE,48.110298156738,16.569700241089
PRG,50.1008,14.26,VIE,48.110298156738,16.569700241089
VIE,48.110298156738,16.569700241089,BRU,50.901401519800004,4.48443984985
VIE,48.110298156738,16.569700241089,BUD,47.42976,19.261093
VIE,48.110298156738,16.569700241089,IAD,38.94449997,-77.45580292
VIE,48.110298156738,16.569700241089,KBP,50.345001220703125,30.894699096679688
VIE,48.110298156738,16.569700241089,LIS,38.7813,-9.13592
VIE,48.110298156738,16.569700241089,OTP,44.5711111,26.085
VIE,48.110298156738,16.569700241089,PRG,50.1008,14.26
VIE,48.110298156738,16.569700241089,VKO,55.5914993286,37.2615013123
VKO,55.5914993286,37.2615013123,VIE,48.110298156738,16.569700241089
ESB,40.128101348899996,32.995098114,VIE,48.110298156738,16.569700241089
VIE,48.110298156738,16.569700241089,ESB,40.128101348899996,32.995098114
CDG,49.012798,2.55,ISB,33.560713,72.851613
ISB,33.560713,72.851613,CDG,49.012798,2.55
ISB,33.560713,72.851613,CPH,55.617900848389,12.656000137329
ISB,33.560713,72.851613,LHR,51.4706,-0.461941
LHR,51.4706,-0.461941,ISB,33.560713,72.851613
OSL,60.121,11.0502,ISB,33.560713,72.851613
LHR,51.4706,-0.461941,MNL,14.5086,121.019997
MNL,14.5086,121.019997,LHR,51.4706,-0.461941
MNL,14.5086,121.019997,RUH,24.957599639892578,46.69879913330078
RUH,24.957599639892578,46.69879913330078,MNL,14.5086,121.019997
ATH,37.9364013672,23.9444999695,KBP,50.345001220703125,30.894699096679688
BKK,13.681099891662598,100.74700164794922,KBP,50.345001220703125,30.894699096679688
BRU,50.901401519800004,4.48443984985,KBP,50.345001220703125,30.894699096679688
DME,55.40879821777344,37.90629959106445,KBP,50.345001220703125,30.894699096679688
HEL,60.317199707031,24.963300704956,KBP,50.345001220703125,30.894699096679688
KBP,50.345001220703125,30.894699096679688,ATH,37.9364013672,23.9444999695
KBP,50.345001220703125,30.894699096679688,BKK,13.681099891662598,100.74700164794922
KBP,50.345001220703125,30.894699096679688,BRU,50.901401519800004,4.48443984985
KBP,50.345001220703125,30.894699096679688,DME,55.40879821777344,37.90629959106445
KBP,50.345001220703125,30.894699096679688,HEL,60.317199707031,24.963300704956
KBP,50.345001220703125,30.894699096679688,LGW,51.148102,-0.190278
KBP,50.345001220703125,30.894699096679688,LIS,38.7813,-9.13592
KBP,50.345001220703125,30.894699096679688,TXL,52.5597,13.2877
LGW,51.148102,-0.190278,KBP,50.345001220703125,30.894699096679688
LIS,38.7813,-9.13592,KBP,50.345001220703125,30.894699096679688
TXL,52.5597,13.2877,KBP,50.345001220703125,30.894699096679688
BEG,44.8184013367,20.3090991974,ESB,40.128101348899996,32.995098114
BKK,13.681099891662598,100.74700164794922,HAN,21.221200942993164,105.80699920654297
ESB,40.128101348899996,32.995098114,BEG,44.8184013367,20.3090991974
HAN,21.221200942993164,105.80699920654297,BKK,13.681099891662598,100.74700164794922
IEV,50.40194,30.45194,VKO,55.5914993286,37.2615013123
VKO,55.5914993286,37.2615013123,IEV,50.40194,30.45194
CGK,-6.1255698204,106.65599823,DMK,13.9125995636,100.607002258
DMK,13.9125995636,100.607002258,CGK,-6.1255698204,106.65599823
BKK,13.681099891662598,100.74700164794922,KTM,27.6966,85.3591
KTM,27.6966,85.3591,BKK,13.681099891662598,100.74700164794922
AMM,31.7226009369,35.9931983948,AMS,52.308601,4.76389
AMM,31.7226009369,35.9931983948,ATH,37.9364013672,23.9444999695
AMM,31.7226009369,35.9931983948,BGW,33.262500762900004,44.2346000671
AMM,31.7226009369,35.9931983948,DME,55.40879821777344,37.90629959106445
AMM,31.7226009369,35.9931983948,KBP,50.345001220703125,30.894699096679688
AMM,31.7226009369,35.9931983948,OTP,44.5711111,26.085
AMM,31.7226009369,35.9931983948,RUH,24.957599639892578,46.69879913330078
AMS,52.308601,4.76389,AMM,31.7226009369,35.9931983948
ATH,37.9364013672,23.9444999695,AMM,31.7226009369,35.9931983948
BGW,33.262500762900004,44.2346000671,AMM,31.7226009369,35.9931983948
DME,55.40879821777344,37.90629959106445,AMM,31.7226009369,35.9931983948
KBP,50.345001220703125,30.894699096679688,AMM,31.7226009369,35.9931983948
OTP,44.5711111,26.085,AMM,31.7226009369,35.9931983948
RUH,24.957599639892578,46.69879913330078,AMM,31.7226009369,35.9931983948
BRU,50.901401519800004,4.48443984985,OTP,44.5711111,26.085
BUD,47.42976,19.261093,OTP,44.5711111,26.085
MAD,40.471926,-3.56264,OTP,44.5711111,26.085
OTP,44.5711111,26.085,BRU,50.901401519800004,4.48443984985
OTP,44.5711111,26.085,BUD,47.42976,19.261093
OTP,44.5711111,26.085,MAD,40.471926,-3.56264
OTP,44.5711111,26.085,SVO,55.972599,37.4146
SVO,55.972599,37.4146,OTP,44.5711111,26.085
ARN,59.651901245117,17.918600082397,LIS,38.7813,-9.13592
LGW,51.148102,-0.190278,LIS,38.7813,-9.13592
LIS,38.7813,-9.13592,ARN,59.651901245117,17.918600082397
LIS,38.7813,-9.13592,LGW,51.148102,-0.190278
DME,55.40879821777344,37.90629959106445,LIS,38.7813,-9.13592
LIS,38.7813,-9.13592,DME,55.40879821777344,37.90629959106445
ARN,59.651901245117,17.918600082397,BRU,50.901401519800004,4.48443984985
ARN,59.651901245117,17.918600082397,SVO,55.972599,37.4146
BKK,13.681099891662598,100.74700164794922,CPH,55.617900848389,12.656000137329
BRU,50.901401519800004,4.48443984985,ARN,59.651901245117,17.918600082397
BRU,50.901401519800004,4.48443984985,OSL,60.121,11.0502
CPH,55.617900848389,12.656000137329,BKK,13.681099891662598,100.74700164794922
CPH,55.617900848389,12.656000137329,IAD,38.94449997,-77.45580292
CPH,55.617900848389,12.656000137329,NRT,35.7647018433,140.386001587
CPH,55.617900848389,12.656000137329,OTP,44.5711111,26.085
CPH,55.617900848389,12.656000137329,SIN,1.35019,103.994003
CPH,55.617900848389,12.656000137329,SVO,55.972599,37.4146
IAD,38.94449997,-77.45580292,CPH,55.617900848389,12.656000137329
NRT,35.7647018433,140.386001587,CPH,55.617900848389,12.656000137329
OSL,60.121,11.0502,BRU,50.901401519800004,4.48443984985
OSL,60.121,11.0502,SVO,55.972599,37.4146
OTP,44.5711111,26.085,CPH,55.617900848389,12.656000137329
SIN,1.35019,103.994003,CPH,55.617900848389,12.656000137329
SVO,55.972599,37.4146,ARN,59.651901245117,17.918600082397
SVO,55.972599,37.4146,CPH,55.617900848389,12.656000137329
SVO,55.972599,37.4146,OSL,60.121,11.0502
BKK,13.681099891662598,100.74700164794922,BRU,50.901401519800004,4.48443984985
BMA,59.354400634765625,17.941699981689453,BRU,50.901401519800004,4.48443984985
BRU,50.901401519800004,4.48443984985,BKK,13.681099891662598,100.74700164794922
BRU,50.901401519800004,4.48443984985,BMA,59.354400634765625,17.941699981689453
BRU,50.901401519800004,4.48443984985,BUD,47.42976,19.261093
BRU,50.901401519800004,4.48443984985,DME,55.40879821777344,37.90629959106445
BUD,47.42976,19.261093,BRU,50.901401519800004,4.48443984985
DME,55.40879821777344,37.90629959106445,BRU,50.901401519800004,4.48443984985
DME,55.40879821777344,37.90629959106445,SIN,1.35019,103.994003
FCO,41.8002778,12.2388889,SIN,1.35019,103.994003
RUH,24.957599639892578,46.69879913330078,SIN,1.35019,103.994003
SIN,1.35019,103.994003,DME,55.40879821777344,37.90629959106445
SIN,1.35019,103.994003,FCO,41.8002778,12.2388889
SIN,1.35019,103.994003,RUH,24.957599639892578,46.69879913330078
BEY,33.820899963378906,35.488399505615234,SXF,52.380001,13.5225
SXF,52.380001,13.5225,BEY,33.820899963378906,35.488399505615234
ATH,37.9364013672,23.9444999695,SVO,55.972599,37.4146
BKK,13.681099891662598,100.74700164794922,SVO,55.972599,37.4146
BRU,50.901401519800004,4.48443984985,SVO,55.972599,37.4146
BUD,47.42976,19.261093,SVO,55.972599,37.4146
CAI,30.12190055847168,31.40559959411621,SVO,55.972599,37.4146
HAN,21.221200942993164,105.80699920654297,SVO,55.972599,37.4146
IKA,35.416099548339844,51.152198791503906,SVO,55.972599,37.4146
KBP,50.345001220703125,30.894699096679688,SVO,55.972599,37.4146
LHR,51.4706,-0.461941,SVO,55.972599,37.4146
MAD,40.471926,-3.56264,SVO,55.972599,37.4146
NRT,35.7647018433,140.386001587,SVO,55.972599,37.4146
SVO,55.972599,37.4146,ATH,37.9364013672,23.9444999695
SVO,55.972599,37.4146,BKK,13.681099891662598,100.74700164794922
SVO,55.972599,37.4146,BRU,50.901401519800004,4.48443984985
SVO,55.972599,37.4146,BUD,47.42976,19.261093
SVO,55.972599,37.4146,CAI,30.12190055847168,31.40559959411621
SVO,55.972599,37.4146,HAN,21.221200942993164,105.80699920654297
SVO,55.972599,37.4146,KBP,50.345001220703125,30.894699096679688
SVO,55.972599,37.4146,LHR,51.4706,-0.461941
SVO,55.972599,37.4146,MAD,40.471926,-3.56264
SVO,55.972599,37.4146,NRT,35.7647018433,140.386001587
SVO,55.972599,37.4146,SXF,52.380001,13.5225
SVO,55.972599,37.4146,VIE,48.110298156738,16.569700241089
SXF,52.380001,13.5225,SVO,55.972599,37.4146
VIE,48.110298156738,16.569700241089,SVO,55.972599,37.4146
CGK,-6.1255698204,106.65599823,RUH,24.957599639892578,46.69879913330078
DAC,23.843347,90.397783,RUH,24.957599639892578,46.69879913330078
IAD,38.94449997,-77.45580292,RUH,24.957599639892578,46.69879913330078
KUL,2.745579957962,101.70999908447,RUH,24.957599639892578,46.69879913330078
RUH,24.957599639892578,46.69879913330078,CGK,-6.1255698204,106.65599823
RUH,24.957599639892578,46.69879913330078,IAD,38.94449997,-77.45580292
RUH,24.957599639892578,46.69879913330078,KUL,2.745579957962,101.70999908447
AMS,52.308601,4.76389,BRN,46.914100647,7.497149944309999
BRN,46.914100647,7.497149944309999,AMS,52.308601,4.76389
BRN,46.914100647,7.497149944309999,LCY,51.505299,0.055278
BRN,46.914100647,7.497149944309999,TXL,52.5597,13.2877
BRN,46.914100647,7.497149944309999,VIE,48.110298156738,16.569700241089
LCY,51.505299,0.055278,BRN,46.914100647,7.497149944309999
TXL,52.5597,13.2877,BRN,46.914100647,7.497149944309999
VIE,48.110298156738,16.569700241089,BRN,46.914100647,7.497149944309999
BKK,13.681099891662598,100.74700164794922,FCO,41.8002778,12.2388889
BKK,13.681099891662598,100.74700164794922,ISB,33.560713,72.851613
BKK,13.681099891662598,100.74700164794922,MAD,40.471926,-3.56264
FCO,41.8002778,12.2388889,BKK,13.681099891662598,100.74700164794922
ISB,33.560713,72.851613,BKK,13.681099891662598,100.74700164794922
MAD,40.471926,-3.56264,BKK,13.681099891662598,100.74700164794922
BGW,33.262500762900004,44.2346000671,ESB,40.128101348899996,32.995098114
ESB,40.128101348899996,32.995098114,BGW,33.262500762900004,44.2346000671
ESB,40.128101348899996,32.995098114,VKO,55.5914993286,37.2615013123
VKO,55.5914993286,37.2615013123,ESB,40.128101348899996,32.995098114
ATH,37.9364013672,23.9444999695,ORY,48.7233333,2.3794444
BUD,47.42976,19.261093,ORY,48.7233333,2.3794444
ORY,48.7233333,2.3794444,ATH,37.9364013672,23.9444999695
ORY,48.7233333,2.3794444,BUD,47.42976,19.261093
ORY,48.7233333,2.3794444,PRG,50.1008,14.26
PRG,50.1008,14.26,ORY,48.7233333,2.3794444
ACC,5.605189800262451,-0.16678600013256073,LIS,38.7813,-9.13592
BSB,-15.86916732788086,-47.920833587646484,LIS,38.7813,-9.13592
BUD,47.42976,19.261093,LIS,38.7813,-9.13592
CCS,10.601194,-66.991222,LIS,38.7813,-9.13592
LIS,38.7813,-9.13592,ACC,5.605189800262451,-0.16678600013256073
LIS,38.7813,-9.13592,BSB,-15.86916732788086,-47.920833587646484
LIS,38.7813,-9.13592,BUD,47.42976,19.261093
LIS,38.7813,-9.13592,CCS,10.601194,-66.991222
LIS,38.7813,-9.13592,OTP,44.5711111,26.085
LIS,38.7813,-9.13592,PRG,50.1008,14.26
LIS,38.7813,-9.13592,SXF,52.380001,13.5225
OTP,44.5711111,26.085,LIS,38.7813,-9.13592
PRG,50.1008,14.26,LIS,38.7813,-9.13592
SXF,52.380001,13.5225,LIS,38.7813,-9.13592
AMS,52.308601,4.76389,LTN,51.874698638916016,-0.36833301186561584
AMS,52.308601,4.76389,STN,51.8849983215,0.234999999404
AMS,52.308601,4.76389,SXF,52.380001,13.5225
ATH,37.9364013672,23.9444999695,LGW,51.148102,-0.190278
ATH,37.9364013672,23.9444999695,SXF,52.380001,13.5225
BRU,50.901401519800004,4.48443984985,LGW,51.148102,-0.190278
BRU,50.901401519800004,4.48443984985,SXF,52.380001,13.5225
BUD,47.42976,19.261093,LTN,51.874698638916016,-0.36833301186561584
BUD,47.42976,19.261093,SXF,52.380001,13.5225
CDG,49.012798,2.55,LGW,51.148102,-0.190278
CDG,49.012798,2.55,LTN,51.874698638916016,-0.36833301186561584
CPH,55.617900848389,12.656000137329,STN,51.8849983215,0.234999999404
DME,55.40879821777344,37.90629959106445,LGW,51.148102,-0.190278
FCO,41.8002778,12.2388889,SXF,52.380001,13.5225
LGW,51.148102,-0.190278,ATH,37.9364013672,23.9444999695
LGW,51.148102,-0.190278,BRU,50.901401519800004,4.48443984985
LGW,51.148102,-0.190278,CDG,49.012798,2.55
LGW,51.148102,-0.190278,DME,55.40879821777344,37.90629959106445
LGW,51.148102,-0.190278,MAD,40.471926,-3.56264
LGW,51.148102,-0.190278,OTP,44.5711111,26.085
LGW,51.148102,-0.190278,PRG,50.1008,14.26
LGW,51.148102,-0.190278,SCQ,42.89630126953125,-8.415140151977539
LGW,51.148102,-0.190278,SXF,52.380001,13.5225
LGW,51.148102,-0.190278,VIE,48.110298156738,16.569700241089
LIS,38.7813,-9.13592,LTN,51.874698638916016,-0.36833301186561584
LTN,51.874698638916016,-0.36833301186561584,AMS,52.308601,4.76389
LTN,51.874698638916016,-0.36833301186561584,BUD,47.42976,19.261093
LTN,51.874698638916016,-0.36833301186561584,CDG,49.012798,2.55
LTN,51.874698638916016,-0.36833301186561584,LIS,38.7813,-9.13592
LTN,51.874698638916016,-0.36833301186561584,MAD,40.471926,-3.56264
LTN,51.874698638916016,-0.36833301186561584,SXF,52.380001,13.5225
MAD,40.471926,-3.56264,LGW,51.148102,-0.190278
MAD,40.471926,-3.56264,LTN,51.874698638916016,-0.36833301186561584
MAD,40.471926,-3.56264,SXF,52.380001,13.5225
ORY,48.7233333,2.3794444,SXF,52.380001,13.5225
OTP,44.5711111,26.085,LGW,51.148102,-0.190278
PRG,50.1008,14.26,LGW,51.148102,-0.190278
SCQ,42.89630126953125,-8.415140151977539,LGW,51.148102,-0.190278
STN,51.8849983215,0.234999999404,AMS,52.308601,4.76389
STN,51.8849983215,0.234999999404,CPH,55.617900848389,12.656000137329
SXF,52.380001,13.5225,AMS,52.308601,4.76389
SXF,52.380001,13.5225,ATH,37.9364013672,23.9444999695
SXF,52.380001,13.5225,BRU,50.901401519800004,4.48443984985
SXF,52.380001,13.5225,BUD,47.42976,19.261093
SXF,52.380001,13.5225,FCO,41.8002778,12.2388889
SXF,52.380001,13.5225,LGW,51.148102,-0.190278
SXF,52.380001,13.5225,LTN,51.874698638916016,-0.36833301186561584
SXF,52.380001,13.5225,MAD,40.471926,-3.56264
SXF,52.380001,13.5225,ORY,48.7233333,2.3794444
VIE,48.110298156738,16.569700241089,LGW,51.148102,-0.190278
FCO,41.8002778,12.2388889,IAD,38.94449997,-77.45580292
IAD,38.94449997,-77.45580292,FCO,41.8002778,12.2388889
DME,55.40879821777344,37.90629959106445,IEV,50.40194,30.45194
FCO,41.8002778,12.2388889,VKO,55.5914993286,37.2615013123
IEV,50.40194,30.45194,DME,55.40879821777344,37.90629959106445
LHR,51.4706,-0.461941,VKO,55.5914993286,37.2615013123
MAD,40.471926,-3.56264,VKO,55.5914993286,37.2615013123
ORY,48.7233333,2.3794444,VKO,55.5914993286,37.2615013123
PEK,40.080101013183594,116.58499908447266,VKO,55.5914993286,37.2615013123
VKO,55.5914993286,37.2615013123,FCO,41.8002778,12.2388889
VKO,55.5914993286,37.2615013123,LHR,51.4706,-0.461941
VKO,55.5914993286,37.2615013123,MAD,40.471926,-3.56264
VKO,55.5914993286,37.2615013123,ORY,48.7233333,2.3794444
VKO,55.5914993286,37.2615013123,PEK,40.080101013183594,116.58499908447266
DME,55.40879821777344,37.90629959106445,HAN,21.221200942993164,105.80699920654297
HAN,21.221200942993164,105.80699920654297,DME,55.40879821777344,37.90629959106445
HAV,22.989200592041016,-82.40910339355469,LGW,51.148102,-0.190278
LGW,51.148102,-0.190278,HAV,22.989200592041016,-82.40910339355469
ARN,59.651901245117,17.918600082397,BGW,33.262500762900004,44.2346000671
BGW,33.262500762900004,44.2346000671,ARN,59.651901245117,17.918600082397
ABV,9.006790161132812,7.263169765472412,ACC,5.605189800262451,-0.16678600013256073
ACC,5.605189800262451,-0.16678600013256073,ABV,9.006790161132812,7.263169765472412
BKK,13.681099891662598,100.74700164794922,IKA,35.416099548339844,51.152198791503906
IKA,35.416099548339844,51.152198791503906,BKK,13.681099891662598,100.74700164794922
BEG,44.8184013367,20.3090991974,LTN,51.874698638916016,-0.36833301186561584
BEG,44.8184013367,20.3090991974,NYO,58.78860092163086,16.912200927734375
BUD,47.42976,19.261093,GYD,40.467498779296875,50.04669952392578
BUD,47.42976,19.261093,IEV,50.40194,30.45194
BUD,47.42976,19.261093,NYO,58.78860092163086,16.912200927734375
BUD,47.42976,19.261093,VKO,55.5914993286,37.2615013123
CIA,41.7994,12.5949,OTP,44.5711111,26.085
GYD,40.467498779296875,50.04669952392578,BUD,47.42976,19.261093
IEV,50.40194,30.45194,BUD,47.42976,19.261093
IEV,50.40194,30.45194,LTN,51.874698638916016,-0.36833301186561584
LTN,51.874698638916016,-0.36833301186561584,BEG,44.8184013367,20.3090991974
LTN,51.874698638916016,-0.36833301186561584,IEV,50.40194,30.45194
LTN,51.874698638916016,-0.36833301186561584,OTP,44.5711111,26.085
LTN,51.874698638916016,-0.36833301186561584,PRG,50.1008,14.26
LTN,51.874698638916016,-0.36833301186561584,WAW,52.1656990051,20.967100143399996
NYO,58.78860092163086,16.912200927734375,BEG,44.8184013367,20.3090991974
NYO,58.78860092163086,16.912200927734375,BUD,47.42976,19.261093
NYO,58.78860092163086,16.912200927734375,WAW,52.1656990051,20.967100143399996
OTP,44.5711111,26.085,CIA,41.7994,12.5949
OTP,44.5711111,26.085,LTN,51.874698638916016,-0.36833301186561584
PRG,50.1008,14.26,LTN,51.874698638916016,-0.36833301186561584
VKO,55.5914993286,37.2615013123,BUD,47.42976,19.261093
WAW,52.1656990051,20.967100143399996,LTN,51.874698638916016,-0.36833301186561584
WAW,52.1656990051,20.967100143399996,NYO,58.78860092163086,16.912200927734375
FCO,41.8002778,12.2388889,LTN,51.874698638916016,-0.36833301186561584
LTN,51.874698638916016,-0.36833301186561584,FCO,41.8002778,12.2388889
